time,q1,qd1,th1,thd1,tau1,q2,qd2,th2,thd2,tau2,dq,dqd,dth,dthd,dtau
0.0,0.0,0.0,0.1,0.0,0.0,0.2,0.1,-0.1,0.05,1.3249158569484494,-0.2,-0.1,0.2,-0.05,-1.3249158569484494
0.10000000000000007,0.005169563607726907,0.0855039238908892,0.028644243082585032,-1.0261982459638985,0.23956289991231444,0.19267486866395694,-0.182805643165339,0.16905220478058733,4.010913193735939,1.5092515881855955,-0.18750530505623003,0.2683095670562282,-0.1404079616980023,-5.037111439699837,-1.269688688273281
0.20000000000000015,0.01287383880840652,0.053918241213534814,-0.03235891423697498,-0.0046433696851355625,0.4750295803090887,0.17934729731124885,-0.022738104109856397,0.44638591894864993,0.8026472744403902,1.675326366986365,-0.16647345850284234,0.07665634532339122,-0.4787448331856249,-0.8072906441255258,-1.2002967866772762
0.3000000000000002,0.015718565633721062,0.013917126441295736,0.01912258233247427,0.8186743478849742,0.702434420211524,0.19113623850856704,0.2300444675828645,0.34332265897247005,-2.1652490345701807,1.8200241788006029,-0.17541767287484597,-0.21612734114156879,-0.3242000766399958,2.983923382455155,-1.1175897585890788
0.4000000000000003,0.01867019815409781,0.05801286556894853,0.08493970639450316,0.34523641048485937,0.9180669681236656,0.21609295837492037,0.22673723805606388,0.17494389901353205,-0.6280003026501216,1.9406868532641657,-0.19742276022082256,-0.16872437248711536,-0.0900041926190289,0.9732367131349811,-1.0226198851405002
0.5000000000000003,0.028321298836901463,0.13190124010524,0.08598876966200171,-0.21446025158365112,1.1185847667539979,0.23308570510702195,0.12364755571180186,0.23643256700887122,1.5196573930054826,2.035204477360633,-0.2047644062701205,0.008253684393438127,-0.15044379734686952,-1.7341176445891338,-0.9166197106066352
0.6000000000000004,0.04360658209859067,0.16634850376519858,0.07080485858876104,0.025092351731741715,1.3011093146052344,0.24595943538064566,0.16146363036981962,0.3813848153442371,0.9644029503763019,2.102084103482887,-0.202352853282055,0.004884873395378964,-0.3105799567554761,-0.9393105986445601,-0.8009747888776528
0.7000000000000005,0.060899463700413554,0.18083349438487395,0.09736010954678258,0.4574895120042018,1.4633009104991261,0.2682173727014403,0.2808865989736835,0.40108423286094413,-0.4308760502226565,2.1404935575310002,-0.20731790900102676,-0.10005310458880956,-0.30372412331416154,0.8883655622268583,-0.6771926470318741
0.8000000000000006,0.08063981728038665,0.21903670284689836,0.1455436274978737,0.4269931616770741,1.6034092061257246,0.2991968632225078,0.3197388506814279,0.3509060045020256,-0.29213876367063163,2.1502783877189495,-0.21855704594212116,-0.10070214783452952,-0.20536237700415189,0.7191319253477058,-0.546869181593225
0.9000000000000007,0.1052794589980865,0.2735519339874012,0.17596723364218259,0.198074285355959,1.7202975302798063,0.3296108996500596,0.2854775966729103,0.3693386881939371,0.6197378258903016,2.1319513300146715,-0.22433144065197308,-0.011925662685509097,-0.19337145455175453,-0.4216635405343426,-0.41165379973486527
1.0000000000000007,0.13481949393082132,0.3134239738078666,0.1943565474758281,0.22118144134832335,1.8134403817467195,0.3573409789185293,0.27853378335414364,0.44436350394706575,0.6975005113360333,2.0866550315748715,-0.22252148498770796,0.034890190453722936,-0.25000695647123766,-0.47631906998770995,-0.273214649828152
1.1009999999999895,0.16768881556560056,0.3359174913947272,0.22623200016589484,0.40708743668153513,1.8834713408138013,0.38699816339001175,0.3101247908518525,0.48686798553592814,0.13781404766276825,2.015274062552272,-0.2193093478244112,0.02579270054287469,-0.2606359853700333,0.26927338901876685,-0.13180272173847074
1.2009999999999785,0.20231465633792498,0.3574043589980396,0.2709405519363493,0.4534466387458825,1.9295980658723464,0.4187768599158138,0.31761504986733863,0.487718583654209,-0.009995186106639152,1.921437552515837,-0.21646220357788884,0.039789309130700945,-0.2167780317178597,0.4634418248525216,0.008160513356509469
1.3009999999999675,0.23925447801678304,0.38086879227697057,0.3123721324100974,0.3700447731109335,1.9536796758524093,0.4490883334741,0.2842505700849356,0.5005432798529903,0.2863512099028458,1.8071443894467754,-0.20983385545731695,0.09661822219203497,-0.18817114744289287,0.08369356320808768,0.14653528640563396
1.4009999999999565,0.278165807703578,0.3949854902822514,0.3470190113650807,0.34132717152850217,1.95712995110173,0.4754793546450863,0.2454998671381762,0.5378357310048462,0.3919087420492017,1.675247934369078,-0.19731354694150827,0.14948562314407518,-0.1908167196397655,-0.050581570520699504,0.2818820167326519
1.5009999999999455,0.3177731305665958,0.39516982031366005,0.3834775988818363,0.3923948455624486,1.9416273168774687,0.49862146280623043,0.218269834693118,0.5675769909519688,0.17727748488297917,1.5287535712073748,-0.18084833223963465,0.17689998562054204,-0.18409939207013248,0.2151173606794694,0.41287374567009394
1.6009999999999345,0.35692828904628154,0.38708767342956546,0.42432950453326423,0.41211188909392815,1.9090078594504694,0.5188902280100013,0.18410641001696101,0.5754672526902814,0.016537752560905745,1.3706998011117215,-0.16196193896371974,0.20298126341260445,-0.1511377481570172,0.3955741365330224,0.5383080583387478
1.7009999999999235,0.3950434132689757,0.3743173930594132,0.4635676403584324,0.36586410586670426,1.861158437000168,0.5347617948281336,0.13050265916365195,0.5779866834587427,0.05434672248335109,1.2040449436002667,-0.1397183815591579,0.24381473389576125,-0.11441904310031031,0.31151738338335316,0.6571134933999012
1.8009999999999124,0.4315409771484863,0.35406462029024605,0.4974703105578516,0.3170357728480834,1.7999156166418686,0.5447046595165783,0.06826705572893768,0.585896524090479,0.083600993946856,1.031564944738591,-0.11316368236809199,0.28579756456130834,-0.08842621353262736,0.23343477890122738,0.7683506719032775
1.9009999999999014,0.46552598595419065,0.32408617111656046,0.5280663447576794,0.29819652693862486,1.7269757771512955,0.5485241997275718,0.00868406053755335,0.5899801346949768,-0.019124733297878456,0.85576713881429,-0.08299821377338118,0.31540211057900713,-0.06191378993729735,0.3173212602365033,0.8712086383370055
2.0009999999998906,0.49610359655118674,0.2864826819695803,0.556978799088213,0.2759832323076123,1.6438210437861023,0.5464333777882096,-0.05121170445010774,0.5813717999923369,-0.14407671310829112,0.6788239063082329,-0.05032978123702281,0.3376943864196881,-0.024393000904123885,0.4200599454159034,0.9649971374778694
2.1009999999998796,0.5226627830231472,0.24398032919168522,0.5822537259505394,0.22530659634969458,1.551664803354332,0.5380738819564812,-0.11697303638515559,0.5638709312897353,-0.19416399257551908,0.5025290656367447,-0.015411098933334033,0.3609533655768408,0.018382794660804058,0.41947058892521366,1.0491357377175874
2.2009999999998686,0.5447474777059577,0.19689036976463273,0.6016761133460281,0.16367752340457292,1.4514194335508404,0.5229371330199454,-0.18567771755635773,0.5433737412210381,-0.21950777111138767,0.3282785879302219,0.021810344686012284,0.38256808732099046,0.05830237212499001,0.3831852945159606,1.1231408456206184
2.3009999999998576,0.5618738596597757,0.14485561915700823,0.6153176888677967,0.11077035663008215,1.343687630080696,0.5010454386453754,-0.25138694634432424,0.5184289636806692,-0.2871835156809986,0.15707589927145824,0.060828421014400225,0.39624256550133247,0.09688872518712754,0.39795387231108076,1.1866117308092377
2.4009999999998466,0.5735898284686615,0.08898314995674324,0.6239137204795691,0.06020011874745305,1.2287773948787106,0.47279949947978217,-0.313010568316981,0.4852187675180603,-0.3755707075602113,-0.010439296445195853,0.1007903289888793,0.4019937182737242,0.13869495296150874,0.4357708263076644,1.2392166913239064
2.5009999999998356,0.5796035789431694,0.031066372222844512,0.6270105102815642,-0.00010988760475657557,1.106739429121479,0.4385177928098626,-0.3722888118196072,0.4442678192532323,-0.4376465552602833,-0.17394100807816937,0.1410857861333068,0.40335518404245174,0.1827426910283319,0.43753666765552673,1.2806804371996483
2.6009999999998246,0.5797683038648763,-0.02791848190959146,0.6236662905886722,-0.06696473602062591,0.9774244259468007,0.3984380200874965,-0.42860024136764135,0.39846242483602146,-0.4774438052275388,-0.33334923139522915,0.1813302837773798,0.4006817594580499,0.22520386575265072,0.4104790692069129,1.3107736573420299
2.7009999999998136,0.5739954773020816,-0.08761953247692518,0.6137221056312213,-0.13106868172310707,0.8405566463022428,0.3529844363530147,-0.4793747842594493,0.34852586186423656,-0.5235785592573087,-0.4887489219951289,0.22101104094906687,0.3917552517825241,0.26519624376698475,0.39250987753420163,1.3293055682973718
2.8009999999998025,0.5622422728697847,-0.14737028453001574,0.5975770235668038,-0.19164158513451507,0.6958192463128605,0.3027897745622851,-0.523415593815202,0.293470697975122,-0.577221419540617,-0.6403007861611776,0.25945249830749956,0.3760453092851862,0.30410632559168177,0.38557983440610194,1.336120032474038
2.9009999999997915,0.5445534648995598,-0.2061712765464977,0.5753543884658723,-0.25319317713283923,0.5429461547539229,0.24850880273611844,-0.5612115324458522,0.2334720815912601,-0.6198085645727235,-0.7881494346854099,0.2960446621634414,0.3550402558993545,0.3418823068746122,0.36661538743988425,1.3310955894393328
3.0009999999997805,0.5210648562076726,-0.2632818452369004,0.5468948302168457,-0.31589329412865885,0.381814910422968,0.19074909425818595,-0.5929208166140482,0.17005136153899328,-0.6467225058791859,-0.9323345700728076,0.33031576194948664,0.32963897137714776,0.37684346867785246,0.33082921175052704,1.3141494804957756
3.1009999999997695,0.49196572238971964,-0.31833271589082346,0.5122669156120198,-0.3759600751756262,0.21253478234103862,0.1301519255649943,-0.617824713899245,0.10429982204731657,-0.6681654840889543,-1.072710695936815,0.36181379682472536,0.2994919980084215,0.4079670935647032,0.2922054089133281,1.2852454782778535
3.2009999999997585,0.45747857173231377,-0.37096985338773225,0.47185039515778704,-0.4317173577751676,0.035524715713204716,0.06742717386443814,-0.6354697491030115,0.036446844928007115,-0.6883328425478026,-1.20888035861267,0.3900513978678756,0.2644998957152792,0.43540355022977995,0.25661548477263496,1.2444050743258748
3.3009999999997475,0.41786837492997014,-0.4207105569800191,0.42602557317966067,-0.48436891876678667,-0.14842383785917718,0.003289442439862247,-0.6461728686066401,-0.033123978472881066,-0.7013401721284935,-1.3401451805593074,0.4145789324901079,0.22546231162662106,0.45914955165254173,0.21697125336170686,1.1917213427001303
3.4009999999997365,0.3734476442264887,-0.46712179588316793,0.3750629801171301,-0.5343505348944305,-0.33810336324809825,-0.06159084266382544,-0.6503635977574027,-0.10344934808320554,-0.703477032288919,-1.4654779628953691,0.4350384868903141,0.18324180187423478,0.4785123282003356,0.16912649739448848,1.1273745996472708
3.5009999999997254,0.324564560842554,-0.5099174512021651,0.3192929166829417,-0.5802225606119866,-0.5318691434796381,-0.1265689797364096,-0.6481240642594097,-0.17355928631169712,-0.6977854058207379,-1.5835179726027153,0.4511335405789636,0.13820661305724458,0.49285220299463883,0.11756284520875127,1.0516488291230772
3.6009999999997144,0.271593147054682,-0.5488400647320385,0.2591986088549074,-0.620742652150578,-0.7276425001639422,-0.1910020029026751,-0.6394859770999617,-0.2428487231277396,-0.6871833825601222,-1.6925902502422898,0.4625951499573571,0.09064591236792319,0.5020473319826471,0.06644073040954424,0.9649477500783477
3.7009999999997034,0.21493667573855135,-0.5835575273531834,0.1953233456709006,-0.6558947142533689,-0.9229390751376529,-0.25426227496905784,-0.6247341053983966,-0.310791528680332,-0.670435730403319,-1.7907484444456028,0.4691989507076092,0.04117657804521313,0.5061148743512326,0.014541016149950181,0.8678093693079498
3.8009999999996924,0.15503420147923788,-0.6136991813483674,0.128194657272028,-0.6857650910382276,-1.1149214750926704,-0.31575776079731627,-0.6042437698758639,-0.3766671200758231,-0.6457362814834029,-1.8758393706401075,0.4707919622765542,-0.009455411472503505,0.5048617773478511,-0.040028809554824685,0.7609178955474372
3.9009999999996814,0.0923611731397693,-0.6389106759894213,0.05836770249384766,-0.709708843010376,-1.3004742878899198,-0.3749274246494966,-0.578241399354708,-0.4396968438987666,-0.6138060826662965,-1.9455862730660953,0.4672885977892659,-0.06066927663471333,0.49806454639261427,-0.09590276034407941,0.6451119851761755
4.000999999999671,0.027428369727109454,-0.6588312061362707,-0.013521670440217487,-0.7269090004559013,-1.4762982632509631,-0.43122629715486527,-0.5468490754118207,-0.4992405047390112,-0.5761775398119913,-1.9976867060579604,0.4586546668819747,-0.11198213072444996,0.4857188342987937,-0.15073146064391008,0.5213884428069973
4.100999999999704,-0.039215153152670726,-0.6730530153323795,-0.0867767032254611,-0.7369949796737532,-1.6390193960046908,-0.48412304351437585,-0.5102326030871142,-0.5547473951882588,-0.5329734188939332,-2.0299200995632662,0.44490789036170514,-0.16282041224526533,0.46797069196279767,-0.20402156077981992,0.3909007035585754
4.200999999999738,-0.106977522293224,-0.681133811748366,-0.16067858362216095,-0.7398090501690914,-1.7853078130302844,-0.5331056257254727,-0.4685983604388937,-0.6056284053483943,-0.4836018531893722,-2.040259480588353,0.4261281034322487,-0.21253545130947227,0.44494982172623343,-0.25620719697971917,0.25495166755806853
4.300999999999771,-0.1752226262514271,-0.6826368222601196,-0.2344844533662547,-0.734997118716563,-1.912000790088596,-0.5776809061076232,-0.42210806474525503,-0.6512680214976394,-0.428262255876754,-2.026981518768091,0.40245827985619614,-0.26052875751486454,0.41678356813138473,-0.30673486283980905,0.11498072867949483
4.400999999999804,-0.24327185735009244,-0.6771498329293205,-0.3074083766439758,-0.7221043282301325,-2.0162239427346904,-0.6173693010681796,-0.3708809356973027,-0.691109892617197,-0.36777736058450156,-1.988769067388284,0.3740974437180871,-0.30626889723201783,0.3837015159732212,-0.35432696764563093,-0.027454875346406338
4.500999999999838,-0.31040677345545625,-0.6642898388419578,-0.37862695937224755,-0.7008684628449359,-2.0955046619561375,-0.6517041374629489,-0.3150676328972679,-0.7246689753415726,-0.30264152119493176,-1.924800681629197,0.3412973640074926,-0.3492222059446899,0.34604201596932505,-0.3982269416500041,-0.17070398032694056
4.600999999999871,-0.3758728468932349,-0.6437233625377995,-0.44730211101395784,-0.671234732734582,-2.147872199383958,-0.6802371693702642,-0.25488630241692634,-0.7514870031560397,-0.23298050481838006,-1.8348221980438826,0.3043643224770293,-0.38883706012087316,0.30418489214208183,-0.43825422791620194,-0.3130500013400752
4.700999999999905,-0.43888614416775873,-0.6152016924315831,-0.5125938897128228,-0.6332013000599459,-2.171939432018381,-0.702544843346893,-0.19061011466299332,-0.7711257039978864,-0.1591532444422092,-1.7191963224530682,0.2636586991791343,-0.42459157776858975,0.25853181428506355,-0.47404805561773666,-0.45274310956531294
4.800999999999938,-0.4986433790986858,-0.5785902458479458,-0.573663548577289,-0.586808976153105,-2.166962220256856,-0.7182336465003871,-0.12257071656002351,-0.7832032432295971,-0.0818936020643098,-1.5789272528839566,0.21959026740170134,-0.45601952928792233,0.20953969465230815,-0.5049153740887952,-0.5880349673728995
4.900999999999971,-0.5543342974373849,-0.5338868955015684,-0.6296834962433234,-0.5322583130341466,-2.1328733698671636,-0.7269475706207912,-0.05119296255742122,-0.7874158799376605,-0.001972605890588444,-1.4156586038392902,0.17261327318340625,-0.4826939329441472,0.15773238369433706,-0.5302857071435582,-0.7172147660278734
5.000000000000004,-0.6046742358223698,-0.4818040811512704,-0.6793863294881087,-0.47061434808023,-2.0710526798967486,-0.7284015792869577,0.022225173691445207,-0.783610856026003,0.07911110099198868,-1.2335782703757872,0.12372734346458791,-0.5040292548427155,0.10422452653789427,-0.5497254490722187,-0.8374744095209614
5.100000000000038,-0.6499063679467255,-0.42160216242063636,-0.7230336693977194,-0.4011851182094597,-1.9815171193155887,-0.7223796269773314,0.0985087452441188,-0.7715498850154209,0.162238777794532,-1.0317908009519967,0.07247325903060586,-0.5201109076647552,0.048516215617701475,-0.5634238960039917,-0.949726318363592
5.200000000000071,-0.6887565741470445,-0.354263581271021,-0.7594058685526083,-0.3252364570252315,-1.8666398645403481,-0.7086543569911153,0.17615270003484357,-0.7511541883115003,0.24563058693836834,-0.8153160870394929,0.019897782844070844,-0.5304162813058646,-0.008251680241108006,-0.5708670439635999,-1.0513237775008553
5.300000000000105,-0.7205436520016772,-0.2804680081903567,-0.7878911789094071,-0.24360011337537324,-1.728855706005279,-0.6871332934642962,0.2542667014654295,-0.7224506663826115,0.3282163734418703,-0.5878117271010632,-0.03341035853738106,-0.5347347096557862,-0.06544051252679561,-0.5718164868172435,-1.1410439789042157
5.400000000000138,-0.7446633678088664,-0.20107383289547823,-0.8079694090308006,-0.1572738541922126,-1.5710524669112196,-0.6578186092054404,0.3318497928295282,-0.6855732313978176,0.4089319758563681,-0.35319737834199255,-0.086844758603426,-0.5329236257250064,-0.12239617763298305,-0.5662058300485807,-1.217855088569227
5.500000000000171,-0.7606058528653339,-0.11710776510026533,-0.8192273048957671,-0.06739137693811395,-1.3964625620795286,-0.6208174208035218,0.4078081141490828,-0.6407626747287698,0.4866929120771978,-0.11552887576391291,-0.13978843206181213,-0.5249158792493481,-0.17846463016699732,-0.5540842890153117,-1.2809336863156155
5.600000000000205,-0.7679716508705903,-0.029747830260839492,-0.8213700912864639,0.024816293853785202,-1.2085434997890985,-0.5763497619963268,0.4809819007693362,-0.5883713446938509,0.5603522229821636,0.12113244001621472,-0.19162188887426346,-0.5107297310301757,-0.232998746592613,-0.5355359291283783,-1.3296759398053133
5.700000000000238,-0.7664856568223164,0.05970181010302167,-0.8142301090855212,0.1180399443913604,-1.010853113212946,-0.5247537687941619,0.5501735467539566,-0.528867890009328,0.6287437596629463,0.35284913272520135,-0.24173188802815448,-0.4904717366509349,-0.2853622190761932,-0.5107038152715859,-1.3637022459381472
5.800000000000272,-0.7560081811917592,0.14984272676460128,-0.7977738845525525,0.2109091898030773,-0.8069255198565723,-0.466488010757161,0.6141773276623456,-0.4628353931191023,0.6907540298197178,0.5759298467006793,-0.28952017043459816,-0.46433460089774425,-0.33493849143345017,-0.4798448400166405,-1.3828553665572516
5.900000000000305,-0.7365426038647127,0.23921821446257271,-0.7721066887968305,0.30202643459460904,-0.6001537089902201,-0.4021306015097127,0.6718143428671901,-0.3909643617019837,0.7453485271451136,0.7870386660484033,-0.334412002355,-0.43259612840461736,-0.38114232709484686,-0.44332209255050453,-1.3871923750386235
6.000000000000338,-0.7082392810852444,0.32635213407242564,-0.737473154303155,0.39000864012044056,-0.39368425424443865,-0.33237460466811375,0.7219709088921152,-0.3140447776253853,0.7915738014267248,0.983286746882019,-0.3758646764171306,-0.3956187748196896,-0.42342837667776967,-0.4015651613062843,-1.3769710011264578
6.100000000000372,-0.6713954530954716,0.4097898782124879,-0.6942540164050693,0.47352173750004567,-0.19032896305562616,-0.25801963216760937,0.7636356467578931,-0.23295696681551786,0.828583179286709,1.1623022365420395,-0.4133758209278622,-0.35384576854540517,-0.4612970495895515,-0.3550614417866633,-1.3526311995976656
6.200000000000405,-0.6264510145466661,0.48813978062434377,-0.6429597890303652,0.5513089369309386,0.007502656923705747,-0.1799599007618718,0.7959331884932602,-0.14865878587311745,0.8556791768124417,1.322275618940121,-0.4464911137847943,-0.30779340786891646,-0.4943010031572478,-0.304370239881503,-1.3147729620164152
6.300000000000439,-0.573980218601367,0.5601126656047359,-0.5842215648883515,0.622220673623088,0.197847362537743,-0.0991690764402854,0.8181547317616427,-0.06216917800862837,0.8723398668189424,1.4619788928881592,-0.47481114216108167,-0.2580420661569067,-0.5220523868797231,-0.2501191931958544,-1.2641315303504161
6.400000000000472,-0.5146795980311848,0.6245577210887874,-0.5187787526221935,0.6852448752870378,0.3792070841469062,-0.016682251225579727,0.8297845056027789,0.025449838780784405,0.878226413616821,1.5807583339473061,-0.4979973468056051,-0.20522678451399157,-0.544228591402978,-0.19298153832978315,-1.2015512498004
6.500000000000505,-0.4493525346091727,0.6804934733834347,-0.44746406223078056,0.7395308260210444,0.5505426272601661,0.06642442452312793,0.8305198126891513,0.11311179174295645,0.8731903134475547,1.67850193954653,-0.5157769591323006,-0.15002633930571663,-0.560575853973737,-0.13365948742651035,-1.1279593122863638
6.600000000000539,-0.37889102465476576,0.7271326806262222,-0.3711865265552402,0.7844048631151795,0.7112433497630091,0.14905572293515074,0.8202831426720882,0.1997253372996647,0.8572841387018353,1.7555839412347005,-0.5279467475899164,-0.09315046204586608,-0.5709118638549049,-0.07287927558665575,-1.0443405914716914
6.700000000000572,-0.3042553102712318,0.7638999470795631,-0.2909132464026231,0.8193806564617165,0.86107526159077,0.23012012856777564,0.7992262893536509,0.2842146110162628,0.8307641866767356,1.8127899198058055,-0.5343754388390074,-0.03532634227408782,-0.5751278574188858,-0.011383530215019033,-0.9517146582150355
6.800000000000606,-0.22645214849004902,0.7904412704985379,-0.20765032939523093,0.8441648587285273,1.0001111202038904,0.30855264850392383,0.7677266269684234,0.365539183283423,0.7940804084522601,1.8512270185665114,-0.5350047969939729,0.02271464353011443,-0.5731895126786539,0.05008445027626718,-0.851115898362621
6.900000000000639,-0.14651253960274332,0.8066253165675501,-0.12242357572995077,0.8586561775864976,1.1286470251376675,0.38333685104558285,0.7263753815297423,0.4427126328124052,0.7478601673802392,1.8722244672832924,-0.5298493906483261,0.08024993503780775,-0.5651362085423559,0.1107960102062584,-0.7435774421456249
7.000000000000672,-0.06546973523457104,0.8125366010929272,-0.036259629506817104,0.8629371000219183,1.2471106994311405,0.45352533604921574,0.6759580934199575,0.5148194098766057,0.6928903320168471,1.8772300672514046,-0.5189950712837867,0.13657850767296975,-0.5510790393834228,0.17004676800507112,-0.6301193678202641
7.100000000000706,0.015661684298192195,0.8084610202658316,0.04983173531445641,0.8572598157854591,1.3559670491005575,0.5182578998685132,0.6174282653335998,0.5810297370967205,0.6300952971143261,1.8677084241302466,-0.5025962155703211,0.1910327549322317,-0.5311980017822641,0.22716451867113296,-0.5117413750296891
7.200000000000739,0.09590493402451851,0.7948645129598719,0.13487370279856856,0.8420279335798774,1.4556266931128494,0.5767767825094113,0.551875596572235,0.6406120063345526,0.5605089767203963,1.8450465432802738,-0.48087184848489284,0.24298891638763698,-0.505738303535984,0.28151895685948103,-0.3894198501674244
7.3000000000007725,0.1743377188115256,0.7723660322054939,0.21793648731100143,0.8177744936035009,1.5463629506194367,0.6284385259840037,0.4804902056562542,0.6929421742654229,0.4852434719633076,1.8104719321675307,-0.45410080717247814,0.2918758265492397,-0.47500568695442147,0.33253102164019327,-0.2641089815480939
7.400000000000806,0.2501060004421567,0.7417062830141011,0.2981490418985572,0.7851368487594635,1.6282422708558695,0.6727221153504147,0.404524329356242,0.7375100110450261,0.4054578264934523,1.7649876115588692,-0.422616114908258,0.33718195365785913,-0.43936096914646894,0.37967902226601125,-0.1367453407029997
7.500000000000839,0.32243449293564647,0.7037138227734812,0.37470815673159735,0.744829881390019,1.7010723210621868,0.7092332348771503,0.32525323213097074,0.7739222691115409,0.32232762175026,1.7093274616781768,-0.3867987419415038,0.3784605906425104,-0.3992141123799436,0.42250225963975907,-0.008255140615990086
7.600000000000873,0.39063370552977233,0.6592701979363952,0.4468848682068262,0.6976192481537166,1.764370950208924,0.737704652449923,0.24393716063253176,0.8019028439973612,0.23701529957404188,1.6439341734604414,-0.34707094692015067,0.4153330373038634,-0.355017975790535,0.4606039485796747,0.12043677674848263
7.700000000000906,0.45410352241462965,0.6092758259404008,0.5140282459606649,0.644295852164445,1.8173580744388367,0.757992922923099,0.16178602988239527,0.8212900533835615,0.1506425423074995,1.5689608002611135,-0.3038894005084694,0.4474897960580055,-0.30726180742289666,0.49365330985694544,0.24839727417772317
7.8000000000009395,0.5123334772503435,0.5546182728487161,0.575566726084969,0.5856524496781944,1.858971246397418,0.7700717584676596,0.07992830409756063,0.8320313413610684,0.06426666450709685,1.4842955798336686,-0.2577382812173161,0.4746899687511555,-0.25646461527609943,0.5213857851710976,0.3746756665637494
7.900000000000973,0.5649000378141554,0.49614440577363006,0.6310072533041796,0.5224633992442966,1.8879043434015548,0.7740225503092063,-0.0006146631237346655,0.8341758661817609,-0.021138061018442067,1.3896083907162826,-0.20912251249505087,0.4967590688973647,-0.20316861287758126,0.5436014602627387,0.49829595268527216
8.000000000001005,0.6114613520854879,0.4346376512490056,0.6799325967760977,0.4554685221300944,1.9026675093842536,0.7700226410703273,-0.07894781482058653,0.8278654700555043,-0.10469408993335831,1.2844159909355146,-0.15856128898483934,0.5135854660695921,-0.14793287327940652,0.5601626120634527,0.6182515184487389
8.10000000000095,0.6517500159097449,0.3708012983737963,0.7219972841602158,0.3853616684410923,1.9016652820456834,0.7583320311936387,-0.15431444780827605,0.8133245358697285,-0.18562911784633962,1.1681621249639487,-0.10658201528389377,0.5251157461820724,-0.09132725170951272,0.5709907862874319,0.7335031570817347
8.200000000000895,0.6855644998877582,0.3052484505833485,0.7569226370377883,0.312784188372552,1.8832887938627347,0.7392792480938839,-0.22610089258754573,0.790849267553895,-0.26327905814598945,1.0403077338171578,-0.05371474820612565,0.5313493431708942,-0.03392663051610667,0.5760632465185415,0.8429810600455769
8.30000000000084,0.7127599150788826,0.23849885616264893,0.7844913984610861,0.23832328626466454,1.8460171093305948,0.7132471121176229,-0.29383394950954705,0.7607969478922892,-0.3370855898800234,0.9004259085475456,-0.00048719703874033904,0.532332805672196,0.02369445056879682,0.5754088761446879,0.9455912007830493
8.400000000000784,0.7332388007590664,0.17098246113551277,0.8045424322152822,0.16251504413035942,1.788522195398175,0.680659102175604,-0.3571715696735246,0.7235756858627902,-0.4065889616904407,0.7482959211254524,0.05257969858346245,0.5281540308090373,0.08096674635249201,0.5691040058208001,1.0402262742727224
8.500000000000728,0.7469425831496189,0.10304915914771343,0.8169659385124687,0.08585161767246434,1.7097717481344574,0.6419669577270061,-0.4158876133697257,0.6796350845732975,-0.47141691774472944,0.5839906654920541,0.10497562542261285,0.5189367725174391,0.13733085393917122,0.5572685354171938,1.1257810826424033
8.600000000000673,0.7538442844466423,0.03498387868768185,0.8216995661547936,0.008791820009956998,1.6091241314773714,0.5976400545327885,-0.46985182921048224,0.6294581751711642,-0.5312706005220437,0.40795214598002405,0.15620422991385385,0.5048357078981641,0.19224139098362936,0.5400624205320007,1.2011719854973473
8.700000000000617,0.7539429606595762,-0.032974140343011736,0.8187257126723634,-0.06822587289433724,1.4864100225423391,0.5481569646897025,-0.519006434734236,0.5735548710816032,-0.5859084275282814,0.22105024472288948,0.20578599596987368,0.4860322943912243,0.2451708415907602,0.5176825546339442,1.2653597778194496
8.800000000000562,0.7472602200378466,-0.10060925559725074,0.8080702021970758,-0.1447689558643067,1.3419959853372476,0.4939994650770441,-0.5633408314672836,0.5124570861386891,-0.6351291478522076,0.024620853155640998,0.2532607549608025,0.4627315758700329,0.2956131160583867,0.49036019198790093,1.3173751321816067
8.900000000000507,0.7338390282069683,-0.16770604116538687,0.7898024212193209,-0.22039629572863287,1.1768260785294453,0.4356491007602023,-0.6028660603504397,0.4467155358620014,-0.6787553220295117,-0.17951947943149504,0.29818992744676603,0.43516001918505276,0.34308688535731946,0.4583590263008789,1.3563455579609403
9.000000000000451,0.7137448497840213,-0.23402620451862044,0.7640368775117641,-0.2946444583703286,0.9924386972705113,0.373586248966187,-0.6375905961271005,0.37689812232168496,-0.7166183443840045,-0.38908400113871466,0.34015860081783433,0.40356439160848,0.3871387551900791,0.4219738860136759,1.381522698409226
9.100000000000396,0.6870690178521978,-0.29928736687514984,0.7309360334798182,-0.3670160686673748,0.7909570969937629,0.3082914733968445,-0.6674989841644703,0.3035896982079292,-0.7485459909640604,-0.6013516173165716,0.3787775444553533,0.36821161728932045,0.427346335271889,0.3815299222966856,1.3923087143103345
9.20000000000034,0.6539340708110459,-0.3631451650564298,0.6907141605297774,-0.4369711788683096,0.5750533833978984,0.24024881666781508,-0.692534642506781,0.22739291335380743,-0.7743533531001413,-0.8132271114666683,0.4136852541432309,0.3293894774503512,0.46332124717597,0.3373821742318317,1.3882804948645666
9.300000000000285,0.6145006590452093,-0.42517994548878224,0.6436418721725381,-0.5039224415649276,0.34788710763622,0.16995055845056067,-0.712587900162603,0.14892976964083757,-0.7938378270374463,-1.0213233857397077,0.44455010059464867,0.28740795467382074,0.4947121025317005,0.2899153854725187,1.3692104933759277
9.40000000000023,0.5689755091622438,-0.4848890628294623,0.5900509242803192,-0.5672346715014477,0.11302090811693183,0.09790287473110737,-0.7274900359337281,0.06884345626659019,-0.8067785590999664,-1.2220621967396095,0.47107263443113645,0.24260097310426576,0.5212074680137291,0.23954388759851875,1.3350831048565412
9.500000000000174,0.5176198476234554,-0.5416854812978377,0.5303388245831957,-0.626229132541413,-0.12568317795641812,0.02463177426672404,-0.737013734539693,-0.012199988050836616,-0.8129404574496905,-1.4117888570449415,0.49298807335673134,0.19532825324185532,0.5425388126340324,0.18671132490827747,1.2861056790885235
9.600000000000119,0.4607576331998627,-0.5949030234943053,0.46497277353810007,-0.6801926094554884,-0.3641821110808217,-0.04931133488036919,-0.7408800049327026,-0.09351063697710571,-0.8120826153080063,-1.5868955983698882,0.5100689680802318,0.1459769814383972,0.5584834105152058,0.13189000585251787,1.2227134872890666
9.700000000000063,0.398782931803262,-0.643808237752737,0.3944924669088663,-0.728391041838487,-0.5983795677270444,-0.12334508152145221,-0.7387712305924379,-0.1743746852872098,-0.8039707341746933,-1.7439477897857347,0.5221280133247143,0.09496299283970089,0.5688671521960761,0.07557969233620632,1.1455682220586905
9.800000000000008,0.33216578894676685,-0.6876184804194788,0.3195113262276311,-0.7700872297051415,-0.8242571052885581,-0.19685515192483105,-0.730349664789926,-0.25405587325972556,-0.7883928834861544,-1.8798070008385512,0.5290209408715979,0.042731184370447206,0.5735671994873567,0.0183056537810129,1.0555498955499931
9.900999999999952,0.2607303146967956,-0.7258719679206386,0.23991106982968982,-0.8048678141624578,-1.0400667773851546,-0.2699085791785385,-0.7150950263010711,-0.33256365998224624,-0.764906555474595,-1.9927356066018578,0.5306388938753341,-0.010776941619567437,0.572474729811936,-0.03996125868786282,0.9526688292167032
10.000999999999896,0.18652751735014225,-0.7569985614131983,0.15803109161727677,-0.8313607534820725,-1.2380224646740958,-0.3403724983684185,-0.6930010327088536,-0.40756708373869716,-0.7338651164535233,-2.0782631771667703,0.5269000157185607,-0.06399752870434472,0.5655981753559739,-0.09749563702854924,0.8402407124926745
10.100999999999841,0.10958032782160201,-0.7806355941137478,0.0739229228947387,-0.8493366224214519,-1.4172793452289594,-0.40826851649739837,-0.6637017969954657,-0.47907725918271354,-0.695044268938212,-2.1360090784407784,0.5178488443190004,-0.11693379711828211,0.5530001820774523,-0.15429235348323989,0.718729733211819
10.200999999999786,0.030673702974084865,-0.7960767793682672,-0.011534870787033998,-0.8582754641224122,-1.5753091281879608,-0.472867099361726,-0.6270335278133,-0.5463187939287303,-0.6485129911931826,-2.1649978531616054,0.5035408023358109,-0.16904325155496713,0.5347839231416963,-0.20976247292922956,0.5896887249736447
10.30099999999973,-0.049341425309553294,-0.8027141921281937,-0.0974172778098499,-0.8577720898803974,-1.7101677691766717,-0.5334276841971387,-0.5829436210539473,-0.6085288627027899,-0.5944562045879148,-2.1649318941736704,0.4840862588875854,-0.21977057107424647,0.5111115848929401,-0.2633158852924826,0.4547641249969987
10.400999999999675,-0.12955953435393192,-0.800068791006319,-0.18276540411468603,-0.8475573181831206,-1.8205341214075696,-0.5892109914440699,-0.5315138756526454,-0.6649695096410755,-0.5331883090234929,-2.1361948372988517,0.45965145709013794,-0.2685549153536736,0.4822041055263895,-0.31436900915962773,0.3156607158912821
10.50099999999962,-0.20903478906070416,-0.7878175212064953,-0.2666009932961421,-0.8275156872482186,-1.9057217501425172,-0.6394934415092357,-0.472979154181043,-0.7149411017677626,-0.4651625270580439,-2.079827557855599,0.43045865244853154,-0.31483836702545226,0.4483401084716205,-0.36235316019017466,0.1741058077130817
10.600999999999564,-0.28679779801579164,-0.7658155397349155,-0.3479424999695081,-0.7976986598293292,-1.965663865468691,-0.6835831579167456,-0.40774026848901185,-0.7577964748219238,-0.39097529917865115,-1.9974780729756374,0.396785359900954,-0.3580752712459036,0.4098539748524157,-0.40672336065067805,0.0318142075069463
10.700999999999508,-0.36187429568617796,-0.7341123286492776,-0.42582222482898047,-0.7583325417655957,-2.0008726787081974,-0.7208369299090848,-0.33637015346761845,-0.7929552484139998,-0.3113652099910433,-1.891327941039652,0.3589626342229068,-0.3977421751816591,0.3671330235850193,-0.44696733177455245,-0.10954473766854544
10.800999999999453,-0.43330508964989267,-0.6929607522381364,-0.4993039538914416,-0.7098205802505834,-2.0123757642902755,-0.7506774302389314,-0.2596127267287796,-0.8199177486670954,-0.22720619322256655,-1.7639989027192629,0.31737234058903874,-0.43334802550935675,0.3206137947756538,-0.48261438702801684,-0.24837686157101269
10.900999999999398,-0.500166534086425,-0.6428184549737195,-0.5675005045089793,-0.6527389813533254,-2.001633145037191,-0.7726099419187178,-0.17837420108890858,-0.838277965493524,-0.1394950491615955,-1.618444465384199,0.2724434078322928,-0.4644442538848109,0.2707774609845447,-0.5132439321917299,-0.3831886796529922
11.000999999999342,-0.5615907489456197,-0.584341371146881,-0.6295905690646161,-0.5878268752463626,-1.9704397554629522,-0.786237843551808,-0.09370700097088805,-0.8477349894288023,-0.049333595186867404,-1.4578318444268517,0.22464709460618837,-0.490634370175993,0.21814442036418624,-0.5384932800594951,-0.5126079110361006
11.100999999999287,-0.6167848006602287,-0.5183695048207483,-0.6848342646463319,-0.5159705471272633,-1.9208186263125546,-0.791276137070671,-0.006786813137313294,-0.8481024188210291,0.042093957339667615,-1.2854201046944302,0.17449133641044234,-0.511582691683435,0.1632681541746972,-0.5580645044669309,-0.6353985216181244
11.200999999999231,-0.6650480953305369,-0.4459055199699347,-0.7325868427233914,-0.4381825267486782,-1.8549105387244187,-0.7875623727587057,0.08111634338457092,-0.8393153000199555,0.1335475618649531,-1.1044404708556548,0.12251427742816878,-0.5270218633545056,0.1067284572965641,-0.5717300886136313,-0.7504700678687639
11.300999999999176,-0.7057873073404004,-0.3680870355716552,-0.7723100847347332,-0.3555763754125082,-1.7748659975763055,-0.7750644309004564,0.16867183238149458,-0.8214342576125475,0.22376078870572166,-0.9179845912916704,0.069277123560056,-0.5367588679531498,0.04912417287781434,-0.5793371641182299,-0.856881406284635
11.40099999999912,-0.7385282717900272,-0.28615383050182813,-0.8035810039955756,-0.2693382136266512,-1.682745166293365,-0.7538847520997745,0.2545254536241706,-0.7946465841184759,0.31147197483018296,-0.728906056392377,0.015356480309747234,-0.5406792841259987,-0.008934419877099753,-0.5808101884568342,-0.953839109900988
11.500999999999065,-0.7629244026399077,-0.2014114122172611,-0.826097586733959,-0.18069618491777215,-1.5804309014237246,-0.7242607625544666,0.3373382091408415,-0.7592641833034133,0.39545578250628016,-0.5397397150828793,-0.0386636400854411,-0.5387496213581027,-0.06683340343054578,-0.5761519674240523,-1.0406911863408452
11.60099999999901,-0.7787613532795388,-0.11519257842572792,-0.8396814297603302,-0.0908891436405025,-1.4695592520109542,-0.6865614085717311,0.4158250619715254,-0.7157183921364177,0.47455384927950456,-0.3526423434616599,-0.09219994470780768,-0.5310176403972533,-0.12396303762391248,-0.5654429929200071,-1.1169169085492943
11.700999999998954,-0.7859578044847475,-0.02881869318274091,-0.8442772629878891,-0.0011358822261456633,-1.3514707877729333,-0.6412798878139688,0.4887919586966595,-0.6645518368558483,0.5477032489850062,-0.1693570492650742,-0.14467791667077867,-0.5176106518794004,-0.1797254261320408,-0.5488391312111519,-1.182113738507859
11.800999999998899,-0.7845624378358567,0.05643759662956961,-0.8399494751895498,0.0873938251427073,-1.227184944865324,-0.5890228343599379,0.5551694670126034,-0.6064076020881985,0.6139615848614136,0.008797492432982362,-0.1955396034759188,-0.4987318703830338,-0.23354187310135122,-0.5265677597187063,-1.2359824372983064
11.900999999998843,-0.7747473218175458,0.13938656183650658,-0.8268758844731509,0.1736051877938745,-1.0973982912428584,-0.5304963720131068,0.6140415435554224,-0.5420161022969562,0.6725276963000774,0.18091321508866698,-0.24425094980443895,-0.47465498171891585,-0.2848597821761947,-0.4989225085062029,-1.2783115063315253
12.000999999998788,-0.7567980944083857,0.2189510326742578,-0.8053391048367007,0.2565003589216049,-0.9625062838476586,-0.46648958738243035,0.6646681865553888,-0.4721801365021987,0.7227571720445223,0.3464558082584925,-0.2903085070259554,-0.44571715388113103,-0.333158968334502,-0.4662568131229174,-1.308962092106151
12.100999999998733,-0.7311014620589886,0.2941902471684358,-0.7757159513845531,0.33519558797636206,-0.8226467877862571,-0.39785608414672696,0.7065010303004073,-0.3977586756574615,0.7641721136995616,0.5052076238591923,-0.33324537791226166,-0.41231078313197156,-0.3779572757270916,-0.42897652572319955,-1.3278544116454494
12.200999999998677,-0.6981306436997982,0.364316974909082,-0.7384653948797185,0.4089330117016057,-0.6777624225298191,-0.3254943570534929,0.7391912880615036,-0.3196499739599897,0.7964648711924309,0.6571941997189025,-0.37263628664630527,-0.3748743131524216,-0.41881542091972884,-0.38753185949082525,-1.3349566222487215
12.300999999998622,-0.6584294643999103,0.42870733407694134,-0.6941156180304513,0.47708680586388785,-0.5276777560453052,-0.2503277647620423,0.7625898288782669,-0.23877460873774697,0.8194957620285668,0.8025991189052896,-0.408101699637868,-0.33388249480132554,-0.4553410092927043,-0.3424089561646789,-1.3302768749505947
12.400999999998566,-0.61259584282609,0.486903096288549,-0.6432507393992651,0.5391637064711734,-0.3721865401553692,-0.1732848826899797,0.7767395616983308,-0.15605903790687947,0.8332850738042125,0.9416725262108605,-0.4393109601361103,-0.2898364654097818,-0.48719170149238566,-0.29412136733303906,-1.3138590663662297
12.50099999999851,-0.5612654179489099,0.5386066583564298,-0.5864977556962916,0.5947981923474307,-0.21114361337527487,-0.09528098063594338,0.7818606776247973,-0.07242022033457719,0.8379999195697855,1.0746389374424388,-0.46598443731296657,-0.24325401926836743,-0.5140775353617144,-0.24320172722235478,-1.2857825508177136
12.600999999998455,-0.505096023737685,0.5836692322588931,-0.5245142105875737,0.6437428855562549,-0.04455582123272685,-0.017201297203225215,0.7783296478483088,0.01124822476788397,0.8339367543313628,1.2016099864468899,-0.4878947265344598,-0.19466041558941571,-0.5357624353554578,-0.1901938687751079,-1.2461658076796167
12.7009999999984,-0.44475364809411616,0.622073145012685,-0.4579770305580529,0.6858549585571098,0.12733366650592867,0.0601133221011665,0.7666531732400189,0.09408793428596855,0.8215005559938386,1.322507458898984,-0.5048669701952827,-0.14458002822733396,-0.5520649648440215,-0.13564559743672888,-1.1951737923930554
12.800999999998345,-0.38090040808284925,0.6539094309734557,-0.3875728796621114,0.721079525078398,0.30397292852838953,0.13587798813061433,0.7474385161334094,0.17528551622239988,0.8011818154562427,1.4370013767225525,-0.5167783962134636,-0.09352908515995373,-0.5628583958845113,-0.08010229037784466,-1.133028448194163
12.90099999999829,-0.3141849433643651,0.6793521252210031,-0.3139902801071313,0.7494311258121842,0.4844454207659272,0.2093722494227304,0.7213618034752075,0.2540799050753839,0.7735325612401409,1.5444670538647098,-0.5235571927870954,-0.04200967825420443,-0.5680701851825152,-0.02410143542795673,-1.0600216330987826
13.000999999998234,-0.2452354807082443,0.6986308164169469,-0.2379136303123583,0.7709744933521395,0.6674344525466035,0.2799453716544159,0.6891359652309537,0.3297673232373317,0.7391426600409843,1.6439639879056802,-0.5251808523626602,0.009494851185993247,-0.5676809535496901,0.031831833311155244,-0.9765295353590767
13.100999999998178,-0.17465566262157636,0.712003083195863,-0.1600191326548856,0.7858057897071553,0.8512107183126656,0.34701846177761464,0.6514799590649047,0.40170393629411194,0.6986175854378137,1.7342382388629376,-0.521674124399191,0.060523124130958283,-0.5617230689489976,0.0871882042693416,-0.883027520550272
13.200999999998123,-0.10302307107239955,0.7197284165575659,-0.08097252603566914,0.7940354540359638,1.0336443590372828,0.41008364421997556,0.6090908328646844,0.46930640425672104,0.6525587356118882,1.8137486410601973,-0.5131067152923752,0.11063758369288157,-0.5502789302923902,0.1414767184240756,-0.7801042820229145
13.300999999998067,-0.030890221716568772,0.7220451232721191,-0.001428409997523198,0.7957736811934363,1.2122417076040288,0.46870064330795547,0.5626199961938528,0.5320506309044113,0.6015472135055906,1.8807158655199663,-0.4995908650245242,0.15942512707826628,-0.5334790409019345,0.19422646768784568,-0.6684741579159375
13.400999999998012,0.04121233672558629,0.719151517930904,0.07796914675724173,0.7911193797354178,1.384205536527664,0.5224912511346851,0.5126548200384099,0.5894690943913716,0.5461317685345577,1.9331920696978888,-0.4812789144090988,0.20649669789249414,-0.5114999476341299,0.2449876112008601,-0.5489865331702248
13.500999999997957,0.11277130173162866,0.7111924541387742,0.1565850949272718,0.7801532405752296,1.5465163452123523,0.5711322569773136,0.4597063748167575,0.6411471999398953,0.4868213493483838,1.969147706726837,-0.458360955245685,0.25148607932201666,-0.48456210501262353,0.29333189122684583,-0.42263136151448477
13.600999999997901,0.1832848484639377,0.6982519322896626,0.23379142251546844,0.7629352963046497,1.6960310653731974,0.6143474781075563,0.4042037661232398,0.6867191269415271,0.42408244566585174,1.9865710798204963,-0.43106262964361863,0.2940481661664228,-0.4529277044260587,0.338852850638798,-0.29054001444729893
13.700999999997846,0.2522564434522567,0.6803521691978712,0.30896515888222653,0.7395070798515765,1.8295945888119172,0.6518995592470115,0.3464951547999095,0.7258636466515106,0.358341118468985,1.9835754718843335,-0.3996431157947548,0.3338570143979617,-0.41689848776928407,0.3811659613825915,-0.1539808830724163
13.80099999999779,0.31918889043541254,0.6574591424301922,0.38148681876317436,0.7098982142766334,1.944158783328561,0.6835821977468676,0.2868551725680753,0.7583003629109271,0.2899893467655177,1.958508196334507,-0.36439330731145503,0.3706039698621169,-0.3768135441477527,0.41990886751111567,-0.014349413005946055
13.900999999997735,0.3835792408913244,0.6294942494278752,0.4507397097325516,0.6741369980320995,2.0369031996887794,0.7092134045746561,0.22549808660026888,0.7837867784644699,0.21939507023588267,1.9100557289760725,-0.3256341636833317,0.40399616282760636,-0.33304706873191825,0.4547419277962168,0.12684747071270697
14.00099999999768,0.44491514789159803,0.5963513683649533,0.5161104705866016,0.632264306339351,2.1053515103121625,0.7286303300849052,0.16259574512973587,0.8021165163571115,0.14691509369289504,1.8373392031936029,-0.28371518219330716,0.43375562323521744,-0.2860060457705098,0.48534921264645603,0.2680123071185596
14.100999999997624,0.5026731544853218,0.557918293064504,0.5769911294939216,0.5843499226452473,2.1474778679783673,0.741686072868054,0.09829906858387484,0.8131189337303535,0.07290985282402843,1.739994976052831,-0.2390129183827322,0.4596192244806292,-0.23612780423643187,0.5114400698212189,0.4074828919255362
14.200999999997569,0.5563192915620997,0.5141012550537974,0.6327828737878266,0.5305102555944522,2.161797823359856,0.7482487558199717,0.03276165104270603,0.8166602592604183,-0.0022410699182831397,1.618235679620584,-0.19192946425787205,0.48133960401109144,-0.1838773854725917,0.5327513255127353,0.5435621437392719
14.300999999997513,0.6053122213299672,0.4648510559210122,0.6829016132325346,0.47092629525422813,2.1474391706589047,0.7482030033104095,-0.03383608428910504,0.8126462713960237,-0.0781238392116877,1.4728881234567652,-0.14289078198044225,0.4986871402101173,-0.12974465816348912,0.5490501344659158,0.6745510472021394
14.400999999997458,0.6491090086486342,0.410189222812969,0.7267853014713375,0.4058606230905031,2.10418906340739,0.7414537951705765,-0.10126376796782208,0.8010264188042676,-0.1542768148061743,1.3054055614566158,-0.09234478652194233,0.5114529907807911,-0.07424111733293015,0.5601374378966774,0.7987835019507741
14.500999999997402,0.6871734417819382,0.3502325752484879,0.76390286255193,0.33567231574966544,2.032514907189924,0.7279325158098799,-0.16922054696132074,0.7817991734572203,-0.2301796183976297,1.117853119321899,-0.040759074027941766,0.5194531222098087,-0.017896310905290314,0.5658519341472952,0.914661787868025
14.600999999997347,0.7189866653563913,0.28521465394770157,0.7937644573747055,0.26082867194525255,1.933557832182631,0.7076048687181551,-0.2373185331293158,0.7550183067796099,-0.30524574538516475,0.9128665310086701,0.011381796638236241,0.5225331870770173,0.03874615059509556,0.5660744173304173,1.020691301173961
14.700999999997292,0.7440597400383661,0.2155026090119911,0.81593272479602,0.18191284019746726,1.8090989085465496,0.6804801960304722,-0.3050714309944183,0.7207996958438023,-0.3788194563036276,0.6935856829415415,0.0635795440078939,0.5205740400064094,0.09513302895221765,0.5607322965010949,1.115513225605008
14.800999999997236,0.7619476137406804,0.14160836799594112,0.8300345495040699,0.0996266251980805,1.661499621080517,0.6466216369238373,-0.37188925962227765,0.679328204480743,-0.4501774494401164,0.4635657430284121,0.11532597681684309,0.5134976276182188,0.1507063450233268,0.5498040746381969,1.197933878052105
14.90099999999718,0.7722638851491842,0.0641931925966204,0.8357728483297059,0.014787991798096808,1.493619395666532,0.6061564832726161,-0.43707975347594463,0.6308641469850715,-0.5185355531012948,0.22666979071902493,0.16610740187656814,0.501272946072565,0.20490870134463435,0.5333235448993916,1.266949604947507
15.000999999997125,0.7746956677925335,-0.01593492919874299,0.8329378318651416,-0.07167694453608736,1.30871410251608,0.5592860504892251,-0.4998566633098027,0.5757488321173289,-0.5830603971569814,-0.013052195060326439,0.21540961730330843,0.4839217341110597,0.25718899974781273,0.511383452620894,1.3217662975764064
15.10099999999707,0.7690178258901403,-0.0978312383225333,0.8214171913065367,-0.15874736759535127,1.1103203911649742,0.5062943782504119,-0.55935479979811,0.5144087031888267,-0.6428857436729918,-0.2514924404968214,0.26272344763972844,0.46152356147557666,0.30700848811771,0.48413837607764054,1.3618128316617955
15.200999999997014,0.7551058540656069,-0.1804313068716452,0.8012046820204551,-0.24532629347498805,0.9021313913088571,0.44755511031296363,-0.6146512897254645,0.4473576355042612,-0.697132890567999,-0.4846166156908749,0.3075507437526433,0.43421998285381924,0.3538470465161939,0.45180659709301096,1.386748006999732
15.300999999996959,0.7329467119799549,-0.26257471126944837,0.7724066246691625,-0.3302635610209661,0.6878697068227493,0.3835359733084513,-0.6647921670122616,0.3751970232210185,-0.744934324491454,-0.7085911460371358,0.3494107386715036,0.40221745574281326,0.39720960144814405,0.4146707634704879,1.3964608528598852
15.400999999996904,0.7026470002898507,-0.343034351555877,0.7352459195652935,-0.4123824147640882,0.47116371756907516,0.3148003778030906,-0.7088231171115463,0.2986133802955537,-0.7854596022699255,-0.919900741997141,0.3878466224867601,0.3657887655556693,0.43663253926973983,0.3730771875058373,1.3910644595662163
15.500999999996848,0.6644379724232454,-0.4205501888566213,0.6900632666667027,-0.4905086184138527,0.25543298082591037,0.24200579580027012,-0.7458229496153006,0.218373289986349,-0.8179422949279221,-1.1154508003346724,0.4224321766229753,0.3252727607586793,0.47168997668035373,0.32743367651406946,1.3708837811605827
15.600999999996793,0.6186770121128002,-0.49386593145393054,0.637315397512289,-0.5635008925362543,0.04378800357907173,0.16589872056263524,-0.7749382033286802,0.13531565879781413,-0.8417067423880972,-1.2926501103296595,0.452778291550165,0.2810722718747497,0.5019997387144749,0.2782058498518428,1.3364381139087311
15.700999999996737,0.5658453626125672,-0.5617670325960684,0.5775702507717227,-0.630281385877781,-0.16105113365120113,0.08730617932912974,-0.7954171998595952,0.050341357567915836,-0.8561933453137112,-1.4494703111754519,0.4785391832834375,0.23365016726352683,0.527228893203807,0.22591195943593012,1.2884191775242508
15.800999999996682,0.506542062130365,-0.6231182791665764,0.5114991536516902,-0.6898648704943554,-0.35681383936164013,0.0071239386793890275,-0.8066418608566495,-0.035599541902944225,-0.8609811646264898,-1.5844797386070464,0.49941812345097597,0.1835235816900731,0.5470986955546344,0.17111629413213436,1.2276658992454061
15.900999999996626,0.44147421264394376,-0.6768992541586936,0.43986620059445186,-0.741385397586349,-0.5417134905992367,-0.07369829283225324,-0.8081556907558187,-0.12152260821330566,-0.8558067070211541,-1.6968506073595866,0.515172505476197,0.13125643659712516,0.5613888088077575,0.11442130943480511,1.15513711676035
16.000999999996573,0.37144387711209054,-0.7222360475368215,0.36351514200117196,-0.7841192614687913,-0.7144563638884817,-0.1541742081771405,-0.7996864970058962,-0.2064255389284131,-0.8405779409649721,-1.7863398328018212,0.525618085289231,0.07745044946907476,0.569940680929585,0.056458679496180775,1.0718834689133394
16.100999999996695,0.29733205455465245,-0.7584277648895253,0.28335420298681707,-0.817503287827685,-0.8742253981315034,-0.23330020375450425,-0.7811626645918459,-0.2893057804522144,-0.8153828038097555,-1.8532451290477903,0.5306322583091567,0.022734899702320566,0.5726599834390315,-0.002120484017929525,0.9790197309162869
16.200999999996817,0.22008031565394118,-0.7849666323043973,0.20033934001402048,-0.8411476806947009,-1.0206404876786868,-0.3100759485391784,-0.7527221086898427,-0.36917870184540924,-0.7804917157201235,-1.8983392623085407,0.5301562641931196,-0.032244523614554654,0.5695180418594297,-0.06065596497457737,0.8776987746298539
16.30099999999694,0.14067078661736412,-0.8015508062553238,0.11545650724589022,-0.8548429191971789,-1.15369822352907,-0.3835254590557319,-0.7147133826217439,-0.44509571069147164,-0.7363538970516889,-1.9227864224293638,0.524196245673096,-0.08683742363357994,0.5605522179373619,-0.11848902214549006,0.7690881989002938
16.40099999999706,0.060105240684487055,-0.8080893529080265,0.029703541415006068,-0.8585604768851095,-1.2736950584307438,-0.45271788539229996,-0.6676887996429198,-0.5161616933599329,-0.6835875781445747,-1.9280455460215276,0.512823126076787,-0.1404005532651067,0.545865234774939,-0.1749728987405348,0.6543504875907837
16.500999999997184,-0.020615908758008884,-0.8046992436745016,-0.05592771786567638,-0.852447428780226,-1.381138712065405,-0.5167872188177856,-0.6123898167278112,-0.5815511854399653,-0.6229644791765204,-1.9157660362180142,0.49617131005977666,-0.1923094269466904,0.5256234675742889,-0.22948294960370552,0.5346273241526092
16.600999999997306,-0.10051392366899636,-0.7916946032377825,-0.1404684764325101,-0.8368152991658389,-1.4766532115652864,-0.5749501754496575,-0.5497253062009614,-0.6405227296037497,-0.555389207871493,-1.8876816453952339,0.4744362517806612,-0.24196929703682113,0.5000542531712395,-0.2814260912943458,0.41102843382994747
16.70099999999743,-0.17865061829214468,-0.7695688224266337,-0.2229886555751032,-0.812123771713829,-1.5608832502382306,-0.6265215906524041,-0.48074368720502386,-0.6924309551486112,-0.481874460570619,-1.8455083020795175,0.4478709723602594,-0.28882513522160985,0.469442299573508,-0.33024931114321,0.28462505184128695
16.80099999999755,-0.25414512914036286,-0.7389704917515282,-0.30261071101124687,-0.77896011902981,-1.6344035288921337,-0.6709267713597556,-0.4066001856555276,-0.7367360120875225,-0.4035131052243359,-1.7908513717316112,0.4167816422193928,-0.3323703060960006,0.4341253010762756,-0.3754470138054741,0.15644784283947755
16.900999999997673,-0.32618802034063926,-0.700674404353633,-0.3785212237752118,-0.7380153990371483,-1.6976384210706614,-0.707710392565513,-0.3285207231487617,-0.7730101079273621,-0.321448363370859,-1.7251272593656761,0.3815223722248738,-0.37215368120487136,0.39448888415215033,-0.4165670356662893,0.027488838295014695
17.000999999997795,-0.39405230349787546,-0.6555491044634839,-0.44997999796972216,-0.6900586011403916,-1.7507966934598085,-0.7365416827047843,-0.24776409030344204,-0.8009410213611393,-0.2368433850881479,-1.6495034214979838,0.3424893792069088,-0.40778501416004187,0.35096102339141716,-0.45321521605224374,-0.1012932719618247
17.100999999997917,-0.45710110703283896,-0.6045226075650936,-0.5163265228547824,-0.6359099990177199,-1.7938251484919727,-0.7572158124369548,-0.16558413029082314,-0.8203325976271787,-0.150851522428166,-1.5648598008498271,0.30011470540411583,-0.43893847727427043,0.3040060747723963,-0.4850584765895539,-0.2289653476421456
17.20099999999804,-0.5147918965592284,-0.5485479837272986,-0.5769837834177002,-0.5764149756390726,-1.8263839839900193,-0.7696515737566707,-0.08319364034267418,-0.8311023586659421,-0.06458855256049745,-1.4717734859083875,0.2548596771974423,-0.46535434338462445,0.2541185752482419,-0.5118264230785752,-0.3546104980816318
17.30099999999816,-0.5666773166101726,-0.48857047287028865,-0.6314595278365553,-0.5124195295609093,-1.8478454417827783,-0.7738856025930099,-0.0017315939436897358,-0.8332764809770121,0.020892015196207033,-1.3705270935050762,0.20720828598283725,-0.48683887892659894,0.20181695314045678,-0.5333115447571163,-0.47731834827770214
17.400999999998284,-0.61240288614549,-0.4254976915760753,-0.6793452157214643,-0.4447485530061272,-1.8573160087834364,-0.7700635496451513,0.07776490010361373,-0.8269824992573669,0.10461958778336075,-1.261140045485177,0.15766066349966135,-0.503262591679689,0.14763728353590255,-0.5493681407894879,-0.5961759632982593
17.500999999998406,-0.6517019273860357,-0.3601743014616312,-0.7203129717958769,-0.3741877982413745,-1.8536811097834274,-0.7584287334649977,0.15438274356661408,-0.8124401792814979,0.18572235229418516,-1.143420630985311,0.10672680607896201,-0.5145570450282453,0.09212720748562098,-0.5599101505355597,-0.7102604787981164
17.60099999999853,-0.6843882320668628,-0.29336224936617084,-0.7541109506684106,-0.30147022875904356,-1.8356699617578207,-0.7393089102393822,0.22734825728008126,-0.7899510649105397,0.2634378716086805,-1.0170355819343393,0.05492067817251933,-0.5207105066462521,0.03584011424212907,-0.5649081003677241,-0.8186343798234814
17.70099999999865,-0.710347064827617,-0.22572737358960185,-0.7805575755181491,-0.22726719760295558,-1.8019371125107533,-0.7131018613774917,0.29603536687264326,-0.759887238705381,0.3371182062171024,-0.8815929031394275,0.0027547965498746496,-0.5217627404622451,-0.020670336812768086,-0.564385403820058,-0.9203442093713258
17.800999999998773,-0.7295251653644468,-0.15783281502776175,-0.7995351441257503,-0.1521846204651763,-1.751156223269166,-0.6802605296874493,0.3599664596104923,-0.7226798418979182,0.40622964216875673,-0.73673294229367,-0.04926463567699746,-0.517799274638254,-0.0768553022278321,-0.558414262633933,-1.014423280975496
17.900999999998895,-0.7419204361478833,-0.09013929620137452,-0.8109832984028231,-0.07676403060022012,-1.68212092693443,-0.6412784263918755,0.4188061878577431,-0.6788078774653433,0.4703473828710211,-0.5822221998415963,-0.10064200975600779,-0.5089454840591177,-0.1321754209374798,-0.5471114134712413,-1.0998987270928335
18.000999999999017,-0.7475719899141409,-0.023011954840338543,-0.8148928285645533,-0.0014881311063756697,-1.5938471402905328,-0.596675985258017,0.47234885855011005,-0.6287877712603608,0.5291458179800744,-0.41804418994253834,-0.15089600465612385,-0.4953608133904486,-0.18610505730419247,-0.5306339490864501,-1.1758029503479945
18.10099999999914,-0.7465511817171768,0.04326693816904924,-0.8113002319936862,0.07320978784441026,-1.4856710542311116,-0.5469884594419644,0.5205003751711339,-0.5731640934838375,0.5823852025084822,-0.24448178216097066,-0.19956272227521243,-0.47723343700208465,-0.23813613850984872,-0.509175414664072,-1.241189272070141
18.20099999999926,-0.7389541669925541,0.10848036512685119,-0.8002833726826948,0.1469334105141183,-1.3573371799049214,-0.4927558458254323,0.563255971887057,-0.512501750400053,0.6298957520738381,-0.06218587312117135,-0.24619832116712181,-0.4547756067602058,-0.2877816222826418,-0.4829623415597198,-1.2951513067837501
18.300999999999384,-0.7248964145349098,0.17245530401307665,-0.7819584941647456,0.21930894289147226,-1.209071283225415,-0.4345151867899948,0.6006751844870061,-0.44737984926698315,0.6715602769883512,0.12777406361812402,-0.29038122774491504,-0.42821988047392945,-0.33457864489776246,-0.4522513340968789,-1.3368453468435388
18.400999999999506,-0.7045094677776709,0.2350392730310135,-0.7564787322992205,0.28996975962633026,-1.0416337721965512,-0.3727954479094885,0.6328556289585353,-0.37838732391155633,0.7072965326830511,0.3238810593910893,-0.3317140198681824,-0.39781635592752185,-0.37809140838766414,-0.4173267730567209,-1.3655148315876404
18.500999999999628,-0.6779400967488134,0.2960762377255915,-0.7240341601277414,0.3585413090835003,-0.8563500730592617,-0.308115010186532,0.6599071994516892,-0.3061202905823112,0.7370404541072372,0.5241657387271458,-0.3698250865622814,-0.3638309617260977,-0.41791386954543014,-0.3784991450237369,-1.3805158117864074
18.60099999999975,-0.6453518248392585,0.3553834703899434,-0.6848532816250555,0.4246274151053034,-0.6551156917712291,-0.24098165587498674,0.6819282511104116,-0.23118099011439935,0.7607313680105495,0.7262265201692488,-0.4043701689642717,-0.32654478072046816,-0.4536722915106562,-0.33610395290524614,-1.381342211940478
18.700999999999873,-0.6069286577179898,0.4127308937283189,-0.6392057809600019,0.4877990307827649,-0.4403749461898243,-0.17189477624083002,0.6989852024567943,-0.15417806925231195,0.7783001435552765,0.9272747001985423,-0.4350338814771597,-0.2862543087284754,-0.48502771170769,-0.29050111277251167,-1.3676496463883665
18.800999999999995,-0.5628806949357171,0.46782429918187773,-0.5874062349983928,0.5475863573276499,-0.21507370409734014,-0.1013493959497017,0.7110967838519745,-0.0757278668256745,0.7896610558420638,1.1242028591494444,-0.4615312989860154,-0.24327248467009677,-0.5116783681727184,-0.24207469851441388,-1.3392765632467845
18.900000000000116,-0.5139712145097366,0.5197833234392112,-0.5304216209470674,0.6029372572379645,0.015063738701018556,-0.03055970010469644,0.7181775666669357,0.00274899732544011,0.7946890939730773,1.3118272942528237,-0.48341151440504015,-0.19839424322772448,-0.5331706182725074,-0.19175183673511276,-1.2967635555518051
19.000000000000238,-0.45949385783202135,0.5692100718045666,-0.4675144028521158,0.6544166520054622,0.2510059632380448,0.04140566719942293,0.7202708580808832,0.08220572525550544,0.793360969294404,1.4905058482740061,-0.5008995250314443,-0.15106078627631658,-0.5497201281076213,-0.13894431728894185,-1.2394998850359613
19.10000000000036,-0.40024921145447023,0.6150339988339428,-0.39970649105498285,0.7008490794297203,0.48652058587625396,0.11331974230900309,0.7171205704724175,0.16120189168594962,0.7854536728025716,1.6548312213131768,-0.5135689537634733,-0.10208657163847468,-0.5609083827409325,-0.08460459337285131,-1.1683106354369228
19.200000000000482,-0.3366272714860791,0.6566495043303342,-0.3275336046857127,0.7416105144457267,0.7175644442366234,0.1846480386444164,0.7085167970625845,0.23907229176280598,0.7708215933930332,1.801449184073917,-0.5212753101304956,-0.051867292732250325,-0.5666058964485187,-0.029211078947306568,-1.0838847398372937
19.300000000000605,-0.2690817278306453,0.6933911370433136,-0.25159467289281573,0.7760635663370027,0.9401184856609024,0.2548331540193317,0.6942140540460935,0.3151374411858309,0.7493272445801503,1.9272442063636934,-0.523914881849977,-0.0008229170027799215,-0.5667321140786467,0.026736321756852366,-0.987125720702791
19.400000000000727,-0.19813500602033984,0.7245533896298125,-0.17255227581272928,0.803575965250828,1.1503180135633457,0.323292169647441,0.6739511797368951,0.388705182348592,0.7208575689996027,2.0294575174624456,-0.5214271756677809,0.050602209892917416,-0.5612574581613213,0.08271839625122523,-0.8791395038990999
19.50000000000085,-0.1243810671703101,0.7494155665693666,-0.09113107931297608,0.8235420457619089,1.3445777296287382,0.3894162485226738,0.6474752145147228,0.45907403351123116,0.6853423227640267,2.1057937700681815,-0.5137973156929839,0.1019403520546438,-0.5502051128242073,0.1381997229978822,-0.7612160404394432
19.60000000000097,-0.04848551585525668,0.767270538307387,-0.008114013080817205,0.835406214276849,1.519705770584947,0.45257276504679206,0.6145679029533059,0.5255384353391597,0.6427734474672583,2.1545110761334336,-0.5010582809020487,0.15270263535408113,-0.5336524484199768,0.19263276680959074,-0.6348053055484866
19.700000000001094,0.028817303274221707,0.7774559593960584,0.07566394966423232,0.8386872487776932,1.6730014808371672,0.5121101528354205,0.5750732908776828,0.5873959351845355,0.5932242532042569,2.1744899809362686,-0.4832928495611988,0.2023826685183756,-0.5117319855203032,0.24546299557343632,-0.5014885000991014
19.800000000001216,0.10673038835880443,0.7793863668776004,0.15932443295864676,0.8330022009063208,1.802332474305076,0.5673654998556145,0.5289248032114436,0.6439562302385868,0.5368672150744732,2.165277970187429,-0.46063511149681,0.2504615636661568,-0.4846317972799401,0.2961349858318476,-0.36294549588235325
19.900000000001338,0.18440334787729765,0.7725844964336539,0.24195661725227105,0.8180886561732779,1.9061875780295756,0.6176747578904861,0.47617018820344564,0.6945518725936711,0.4739892296761072,2.1271073105025713,-0.4332714100131885,0.29641430823020826,-0.4525952553414001,0.3440994264971707,-0.22091973247299568
20.00000000000146,0.26094469151545163,0.756710162377052,0.3226302923993238,0.7938241592353941,1.983703462294735,0.6623852755038925,0.41699280025829566,0.73855032874532,0.4050032850478225,2.0608853435036982,-0.40144058398844085,0.33971736211875636,-0.4159200363459962,0.38882087418757155,-0.0771818812089633
20.100000000001582,0.33543682167827077,0.7315851432644266,0.40041066584523716,0.760241725384857,2.034664083880936,0.7008702187038316,0.351727862830596,0.7753669891860687,0.3304556620087933,1.9681577194840827,-0.3654333970255608,0.3798572804338306,-0.37495632334083157,0.42978606337606373,0.06650636439685309
20.200000000001705,0.40695325539651206,0.6972126930457675,0.47437448761822004,0.717540530965138,2.059473431647257,0.7325443192380614,0.28087259600271597,0.8044786458519738,0.2510279984687308,1.8510463969006186,-0.32559106384154934,0.4163400970430515,-0.3301041582337538,0.46651253249640723,0.2084270347466386
20.300000000001827,0.47457748038231196,0.6537905491807583,0.5436269736564998,0.6660910956855787,2.0591033958635045,0.7568802936925153,0.20508939785574873,0.8254369006599646,0.16753379999307888,1.7121654792031846,-0.28230281331020335,0.44870115132500954,-0.28180992700346474,0.4985572956924998,0.3469379166603199
20.40000000000195,0.5374227512890166,0.6017166211105635,0.6073189529240607,0.6064345274833094,2.035019815148719,0.7734252126666765,0.1252016187133577,0.8378809403896561,0.08090925664698394,1.5545190459256815,-0.2360024613776599,0.4765150023972058,-0.23056198746559542,0.5255252708363255,0.4805007692230374
20.50000000000207,0.594652068087873,0.5415868987533349,0.6646636347827882,0.5392756824314663,1.9890908233910471,0.7818160719209686,0.0421818445154669,0.8415491135067166,-0.0078014865127641764,1.3813860041996624,-0.18716400383309562,0.49940505423786796,-0.17688547872392835,0.5470771689442304,0.6077048191913847
20.600000000002193,0.6454975514134735,0.47418550282029587,0.7149523928954854,0.4654703836809006,1.923482468155106,0.7817938282712557,-0.042867009772108826,0.8362887735083679,-0.09746617498317493,1.1961975949188361,-0.13629627685778212,0.5170525125924047,-0.12133638061288254,0.5629365586640755,0.7272848732362698
20.700000000002316,0.6892784413503656,0.4004671868775962,0.7575689907440459,0.38600712948767,1.8405471579361037,0.7732152118830934,-0.12873712384432318,0.8220639098095684,-0.1868887123489967,1.0024135034106199,-0.08393677053272774,0.5292043107219193,-0.06449491906552252,0.5728958418366668,0.8381336545254838
20.800000000002438,0.7254169960241214,0.32153297502326594,0.792001730372462,0.3019839862215935,1.7427107881843065,0.7560617112388475,-0.21414670022077129,0.7989601684569033,-0.27483692506483753,0.80340253174784,-0.030644715214726115,0.5356796752440373,-0.0069584380844412985,0.5768209112864311,0.9393082564364664
20.90000000000256,0.7534516521197815,0.23859995935008926,0.8178530874834603,0.2145815941164267,1.6323643807408599,0.7304452432822535,-0.2977750945853681,0.7671869671284464,-0.36007271422567777,0.6023334890379968,0.023006408837528025,0.5363750539354574,0.050666120355013944,0.5746543083421045,1.030030891702863
21.000000000002682,0.773046926810376,0.15296657031386846,0.834846498515445,0.12503339941442704,1.5117657498493964,0.6966101632925545,-0.3783006216415467,0.7270765269235807,-0.4413833535004188,0.40208136360630503,0.07643676351782147,0.5312671919554152,0.1077699715918643,0.5664167529148458,1.1096843862430914
21.100000000002805,0.7839996836256256,0.06597485569080497,0.8428300837033667,0.0345943568760963,1.3829560980055142,0.6549314297480193,-0.4544393626337938,0.6790797714998141,-0.5176126237181823,0.20515298868533033,0.12906825387760623,0.5204142183245988,0.16375031220355252,0.5522069805942786,1.177803109320184
21.200000000002927,0.78624154627748,-0.02102855157547647,0.8417772184647397,-0.05549058533610802,1.2476955795175784,0.6059089106630045,-0.5249832384821255,0.6237591757728153,-0.5876904714922289,0.013635346401071946,0.18033263561447554,0.503954686906649,0.21801804269192449,0.5321998861561208,1.2340602331165065
21.30000000000305,0.7798374161798887,-0.10673103715439153,0.8317839973210746,-0.1440169040916367,1.1074207951450843,0.5501579909187123,-0.5888356386271327,0.561778775060538,-0.6506599420219542,-0.17083156990946363,0.22967942526117635,0.4821046014727412,0.2700052222605366,0.5066430379303175,1.2782523650545479
21.40000000000317,0.7649802226224244,-0.18989047052378988,0.8130637633615398,-0.2298485722024426,0.9632259549010137,0.4883968061437518,-0.6450430089372641,0.4938916647657178,-0.7057002616748796,-0.34705673287202754,0.2765834164786726,0.4551525384134742,0.3191720985958221,0.47585168947243706,1.3102826877730411
21.500000000003293,0.7419822004778105,-0.26936793748185955,0.7859389955447657,-0.31194265680453215,0.8158681333486427,0.42143057927978217,-0.6928209965771218,0.42092542447801357,-0.7521451276898513,-0.5142756368719319,0.3205516211980283,0.42345305909526226,0.3650135710667521,0.44020247088531916,1.3301437702205745
21.600000000003416,0.7112631405281605,-0.3441553426847703,0.7508309499862345,-0.38936950175796775,0.6657957122919906,0.3501336634301312,-0.7315740155120902,0.3437659835551838,-0.7894954909995505,-0.6721054655608419,0.36112947709802934,0.3874186728273199,0.40706496643105067,0.40012598924158277,1.3379011778528325
21.700000000003538,0.6733361843998085,-0.4133967520528559,0.7082475346760068,-0.4613277783354897,0.5131978302749116,0.2754299924735454,-0.7609074195418213,0.26334050369252715,-0.8174263819388461,-0.8204810825356961,0.3979061919262631,0.34751066748896536,0.4449070309834796,0.3560986036033564,1.3336789128106077
21.80000000000366,0.6287918333434853,-0.47640266830888006,0.6587699557774147,-0.5271539504167206,0.3580715044851663,0.19827270430507188,-0.7806318336228866,0.18059988486932407,-0.8357876138569955,-0.9595760573928175,0.43051912903841344,0.3042291653140065,0.4781700709080906,0.3086336634402749,1.3176475618779837
21.900000000003782,0.5782809028841798,-0.5326567956489177,0.6030387050231983,-0.5863259828633601,0.20030211974917153,0.11962372730820144,-0.7907595798501472,0.09650150295275717,-0.8445984916466674,-1.0897137098531178,0.45865717557597835,0.25810278420122956,0.5065372020704412,0.2582725087833073,1.2900158296022892
22.000000000003904,0.5224971806992935,-0.5818152325897663,0.5417394604325825,-0.6384614099613636,0.039752242836862704,0.04043410758939652,-0.7914935217818894,0.011992760223614651,-0.8440369358678714,-1.2112736544957154,0.482063073109897,0.20967828919212306,0.5297467002089679,0.20557552590650785,1.251025897332578
22.100000000004027,0.4621605319320653,-0.6236984153380425,0.4755894467983906,-0.6833101597496153,-0.12364674261382229,-0.038374196543368023,-0.7832090197070646,-0.072004024265008,-0.8344236938605567,-1.3245995317606196,0.5005347284754333,0.1595106043690221,0.5475934710633986,0.15111353411094142,1.2009527891467973
22.20000000000415,0.39800114549020044,-0.6582764975526019,0.40532474979813377,-0.7207427852010583,-0.2898058499725743,-0.11592441259343737,-0.7664300208382754,-0.1546049362967499,-0.8162025336085597,-1.4299135069266011,0.5139255580836378,0.10815352328567351,0.5599296860948837,0.09545974840750138,1.1401076569540267
22.30000000000427,0.3307455296559285,-0.6856491771605464,0.33168900122099676,-0.750734971354203,-0.4583980794233028,-0.19139842086933465,-0.7418005851326859,-0.23497565071328022,-0.7899174926668652,-1.5272427136274291,0.5221439505252632,0.05615140797213947,0.566664651934277,0.0391825213126622,1.0688446342041265
22.400000000004393,0.261104750283156,-0.7060212500410104,0.2554237569567726,-0.7733493573601934,-0.6287914689420321,-0.26404720803409615,-0.710053355242475,-0.31234024261536764,-0.7561883742454836,-1.6163621339625411,0.5251519583172521,0.004032105201464686,0.5677639995721402,-0.017160983114709816,0.987570665020509
22.500000000004515,0.18976526626847032,-0.7196753699675965,0.17726077934731374,-0.7887158253287585,-0.7999999734750162,-0.33319808274413015,-0.6719766073585032,-0.3859875125124263,-0.7156857396012202,-1.696757479991783,0.5229633490126004,-0.04769876260909334,0.56324829185974,-0.07303008572753833,0.8967575065167669
22.600000000004638,0.11738256235933126,-0.726943613943341,0.09791631726063829,-0.7970114581632803,-0.9706555827322242,-0.3982585954341947,-0.6283815620070092,-0.45527483743526687,-0.6691066375706252,-1.767610520830085,0.5156411577935259,-0.09856205193633172,0.5531911546959052,-0.12790482059265518,0.7969549380978608
22.70000000000476,0.04457761702671552,-0.72817948593874,0.01808735721925534,-0.7984413539260169,-1.1390039435538082,-0.45871727066036355,-0.5800715882861254,-0.5196296809906354,-0.6171522391698834,-1.8278080453653534,0.5032948876870791,-0.14810789765261467,0.5377170382098908,-0.18128911475613352,0.6888041018115452
22.800000000004882,-0.028063918219390575,-0.7237319385598473,-0.06155029643278117,-0.7932214057613065,-1.302924481039803,-0.5141414179115884,-0.5278148043057432,-0.578549005940244,-0.56050841187093,-1.8759743295860938,0.4860774996921978,-0.19591713425410406,0.5169987095074629,-0.23271299389037647,0.5730498485462907
22.900000000005004,-0.09999010343682871,-0.7139228544504189,-0.14034235881474316,-0.7815640184962227,-1.4599746808747691,-0.5641724272513354,-0.4723213679154487,-0.6315969274330222,-0.4998300817887367,-1.9105256599612164,0.46418232381450675,-0.2416014865349702,0.49125456861827904,-0.281733936707486,0.45055097908644726
23.000000000005127,-0.17067906820259146,-0.6990292148373726,-0.21765515375608713,-0.763667543341814,-1.6074568740837716,-0.6085190722907078,-0.4142264764594834,-0.6784010186868986,-0.43573000271369716,-1.9297442204500035,0.4378400040881163,-0.28480273837788916,0.4607458649308115,-0.3279375406281168,0.3222873463662319
23.10000000000525,-0.23963386158321362,-0.6792709031757276,-0.2928738563965659,-0.7397099809746108,-1.7425046248942209,-0.6469494288698835,-0.354079767069665,-0.718647730015433,-0.3687722910698409,-1.931867546867868,0.40731556728666984,-0.3251911361060626,0.42577387361886715,-0.37093768990476994,0.18936292197364724
23.20000000000537,-0.3063763914675236,-0.6548047623815487,-0.36540033273988204,-0.7098472432143734,-1.8621847283403505,-0.6792820691033694,-0.2923414473965469,-0.7520774042578381,-0.2994708094375155,-1.9151888474696805,0.3729056776358458,-0.36246331498500184,0.38667707151795605,-0.41037643377685795,0.05300411912933001
23.300000000005493,-0.3704410945542789,-0.6257251623380139,-0.43465103509876846,-0.6742159885792911,-1.9636099349688272,-0.7053772046420049,-0.22938510997577716,-0.7784793659762055,-0.22829220306183137,-1.878162831242764,0.334936110087726,-0.39634005236223674,0.343828330877437,-0.4459237855174597,-0.08544710372606312
23.400000000005615,-0.4313689852423764,-0.5920709596001598,-0.5000554000866109,-0.6329407720223204,-2.044056882992049,-0.7251284296125942,-0.16550681169279682,-0.7976875288003777,-0.155663128656615,-1.8195113109980516,0.2937594443702178,-0.42656414790736297,0.2976321287137669,-0.47727764336570533,-0.2245455719939975
23.500000000005738,-0.4887027013383636,-0.5538383635642202,-0.5610551566477998,-0.5861449889553334,-2.1010833677595104,-0.7384556542070203,-0.10093965281989878,-0.8095769070568709,-0.08198097697172686,-1.7383227774717176,0.24975295286865673,-0.4528987107443214,0.2485217504090711,-0.5041640119836065,-0.36276059028779284
23.60000000000586,-0.5419830985761626,-0.5109988824813276,-0.617104887765422,-0.5339648622842605,-2.1326390336973717,-0.7452997277187674,-0.03587278630045953,-0.8140613376904157,-0.007627192714993103,-1.6341403778603834,0.20331662914260484,-0.4751260961808681,0.19695644992499362,-0.5263376695692674,-0.4984986558369884
23.700000000005982,-0.5907478480431875,-0.46352122683408653,-0.6676741044627663,-0.47656553111068856,-2.137163838052884,-0.7456191301149205,0.029526456512591035,-0.811092621020019,0.06701785192982228,-1.5070332658200467,0.15487128207173306,-0.4930476833466776,0.14341851655725268,-0.5435833830405108,-0.6301305722328374
23.800000000006104,-0.6345323660447402,-0.4113958126234183,-0.7122509891921813,-0.4141581613110191,-2.113669195781256,-0.7393889705978753,0.0950888096064948,-0.8006611795362761,0.1415595629054337,-1.357647092628932,0.10485660455313517,-0.5064846222299131,0.08841019034409481,-0.5557177242164528,-0.756022103152324
23.900000000006226,-0.6728732614657321,-0.3546603456726902,-0.7503478532465896,-0.3470169189526504,-2.0617975420738217,-0.7266023777766709,0.1606192621735541,-0.782798218847234,0.2155745675300102,-1.18723043940362,0.053729116310938796,-0.5152796078462443,0.032450365600644404,-0.5625914864826607,-0.8745671026702018
24.00000000000635,-0.7053143291304891,-0.29342488889405705,-0.7815082356035454,-0.2754946318755234,-1.9818571006326493,-0.7072742074582093,0.22587477561366692,-0.7575792604296498,0.288598015183595,-0.9976351943921741,0.001959878327720266,-0.5192996645077239,-0.023928975173895584,-0.5640926470591184,-0.9842219062404752
24.10000000000647,-0.7314149575028047,-0.22789482196953734,-0.8053154550623854,-0.20003601380845906,-1.874829867312998,-0.6814468393634475,0.29054502655638437,-0.7251288084219801,0.36011375398288215,-0.7912901946584726,-0.0499681181393572,-0.5184398485259217,-0.08018664664040531,-0.5601497677913412,-1.0835396726545254
24.200000000006593,-0.7507606640049962,-0.15839019687825678,-0.8214023200382867,-0.12118743672091911,-1.742352146689939,-0.6491976917470818,0.35423751045093554,-0.6856258183138061,0.4295482436160549,-0.5711488092149068,-0.10156297225791444,-0.5126277073291923,-0.13577650172448064,-0.5507356803369741,-1.1712033374750321
24.300000000006715,-0.762975329712314,-0.08536016837209169,-0.829461606903805,-0.03960240503782541,-1.5866683443470955,-0.610647960770096,0.4164681024510226,-0.6393095593608867,0.4962688574013455,-0.34061246985054505,-0.152327368942218,-0.5018282708231143,-0.19015204754291826,-0.5358712624391709,-1.2460558744965504
24.400000000006838,-0.7677345849456043,-0.009391426753778007,-0.829256843566493,0.04395789883594305,-1.4105600491328674,-0.5659719962913279,0.4766578736183478,-0.5864854092273236,0.5595869818075969,-0.10343338696610148,-0.20176258865427643,-0.48604930037212585,-0.24277143433916937,-0.5156290829716539,-1.3071266621667659
24.50000000000696,-0.76477970498017,0.06879013181893384,-0.8206328842856386,0.12862937578693814,-1.2172536679294212,-0.5154066628265377,0.5341366167294409,-0.5275300918607437,0.6187660521630639,0.13639924381437604,-0.24937304215363232,-0.46534648491050706,-0.2931027924248949,-0.4901366763761258,-1.3536529117437972
24.600000000007082,-0.7539313158904773,0.1483249109269295,-0.8035257375772203,0.2134551803129611,-1.0103109366714962,-0.45926000737881556,0.5881531654410281,-0.46289586970151564,0.6730343834428134,0.37478438862716107,-0.2946713085116618,-0.4398282545140986,-0.3406298678757047,-0.45957920312985234,-1.3850953252986573
24.700000000007204,-0.7351021878996105,0.22823233242624508,-0.7779711130572898,0.29740111737695824,-0.7935074702289837,-0.39791856637501877,0.637892212936167,-0.3931132292998343,0.7216023798016702,0.607639933625873,-0.3371836215245917,-0.40965988050992197,-0.38485788375745555,-0.42420126242471196,-1.4011474038548566
24.800000000007326,-0.7083084090184237,0.3074304233747204,-0.7441111853726317,0.37937580459788617,-0.5707050867773058,-0.3318526917541013,0.6824969715238947,-0.3187916540627008,0.7636834506311732,0.8310330194468105,-0.3764557172643224,-0.3750665481491743,-0.42531953130993083,-0.384307646033287,-1.4017381062241163
24.90000000000745,-0.6736782847564499,0.38476156009416856,-0.7021991326139699,0.4582548806940852,-0.3457239198130016,-0.2616193590651926,0.7210966824274682,-0.24061815654485968,0.7985177380951212,1.0413039334154983,-0.41205892569125724,-0.3363351223332996,-0.46158097606911025,-0.34026285740103596,-1.3870278532284999
25.00000000000757,-0.631458397796516,0.4590233256702479,-0.6526010900272532,0.5329083176535944,-0.12222029891479283,-0.18786203409948893,0.7528377029145945,-0.15935334150968014,0.8253975833493085,1.235177866149386,-0.4435963636970271,-0.2938143772443466,-0.493247748517573,-0.2924892656957141,-1.3573981650641789
25.100000000007693,-0.5820163804233612,0.5290031565982285,-0.5957952633767877,0.6022297169827799,0.09642395917686067,-0.11130731330335364,0.7769166811198149,-0.07582488490523778,0.8436935356365772,1.409859455876071,-0.4707090671200076,-0.24791352452158644,-0.5199703784715499,-0.2414638186537973,-1.3134354966992103
25.200000000007815,-0.5258400962279924,0.5935152404289309,-0.5323680648427932,0.6651663490445254,0.30719583634738984,-0.03275820985611577,0.7926141890867366,0.009081562911143941,0.8528796469604668,1.5631059197399377,-0.49308188637187667,-0.19909894865780575,-0.5414496277539371,-0.18771329791594138,-1.2559100833925478
25.300000000007937,-0.46353308889779565,0.6514379905612212,-0.46300726192318314,0.7207486354993901,0.5075248475458928,0.046915876271988545,0.7993271293786198,0.09443391526890207,0.852556798646806,1.6932756607840733,-0.5104489651697842,-0.14788913881739862,-0.5574411771920852,-0.13180816314741595,-1.1857508132381804
25.40000000000806,-0.39580632653102,0.7017503740843987,-0.3884922600273792,0.7681177815128958,0.6953331893064354,0.1267922984017627,0.7965982632862781,0.17926737170805013,0.8424728749529644,1.7993504851755973,-0.5225986249327828,-0.09484788920187948,-0.5677596317354293,-0.07435509344006863,-1.1040172958691619
25.500000000008182,-0.3234664411561696,0.7435654066401041,-0.30968176571135303,0.806550336566116,0.8690605127776938,0.20591104754423215,0.7841413278001188,0.26259995560091215,0.822538729700329,1.880930901431015,-0.5293774887004018,-0.04057592116001474,-0.5722817213122652,-0.015988393134213075,-1.0118703886533211
25.600000000008304,-0.24740082621166634,0.7761592528674742,-0.22749919340479408,0.8354785968565616,1.0276628624201434,0.2832928713587638,0.7618604081580475,0.34344940102502086,0.7928390781496889,1.9382053319944377,-0.5306936975704302,0.014298844709426772,-0.5709485944298149,0.04263951870687266,-0.9105424695742943
25.700000000008426,-0.16856010127515014,0.7989945758010493,-0.14291627813943283,0.8545059516121921,1.1705866679784502,0.357958997557923,0.7298625027448182,0.4208508475363385,0.7536376785554726,1.9718953765624092,-0.5265190988330731,0.06913207305623104,-0.5637671256757714,0.10086827305671953,-0.801308708583959
25.80000000000855,-0.08793857579674444,0.8117370530881142,-0.05693543514514845,0.8634165104884489,1.2977199687271506,0.4289517412400841,0.688462543508445,0.49387475102166595,0.7053764341434174,1.9831804577398973,-0.5168903170368285,0.12327450957966912,-0.5508101861668144,0.15804007634503148,-0.6854604890127467
25.90000000000867,-0.006553435698466273,0.8142643079073968,0.02942853972825269,0.8621786175217303,1.409324217530863,0.49535521999164267,0.6381805010067706,0.5616443961098786,0.6486683329754995,1.9736061909163822,-0.5019086556901089,0.1760838069006262,-0.5322158563816259,0.21351028454623078,-0.5642819733855193
26.000000000008793,0.07457656626571725,0.8066668709219335,0.11516680964794204,0.850942145070741,1.5059509967176667,0.5563153827502716,0.5797305897424575,0.6233524020021152,0.5842844355296064,1.9449815991514119,-0.48173881648455436,0.22693628117947595,-0.5081855923541732,0.26665770954113455,-0.43903060243374514
26.100000000008915,0.1544521164393816,0.7892411773903041,0.19929426138327386,0.8300297539635132,1.588348726670481,0.6110585794208611,0.5140029765324043,0.6782756488511276,0.5131354027533979,1.8992708001153533,-0.45660646298147944,0.27523820085789974,-0.4789813874678537,0.31689435121011533,-0.3109220734448723
26.200000000009037,0.23211326238749264,0.7624749905874557,0.2808661126251352,0.7999225886103186,1.6573649224105478,0.6589079571318259,0.4420387621905282,0.7257881142994596,0.4362483162553161,1.838484999891986,-0.4267946947443333,0.32043622839692754,-0.44492200167432433,0.3636742723550025,-0.18112007748143832
26.30000000000916,0.30665752879969577,0.7270260088895256,0.3589928398538849,0.7612411336125462,1.713849728822207,0.699297062888983,0.36499933569688126,0.7653711963911924,0.3547397638221936,1.7645805276060185,-0.3926395340892872,0.36202667319264437,-0.40637835653730753,0.4065013697903526,-0.05073079878381148
26.400000000009282,0.3772555972202551,0.6836947402962438,0.43285298857898996,0.7147221781718156,1.7585663329030088,0.731780156489123,0.2841314732128735,0.7966212054759262,0.2697863361985719,1.6793682415477806,-0.3545245592688679,0.39956326708337025,-0.3637682168969362,0.4449358419732437,0.07919809135522815
26.500000000009404,0.4431640420527786,0.6333929979334958,0.5017035313820875,0.6611930051575382,1.792113419132592,0.7560388855895599,0.200729757625799,0.8192538285820736,0.18259379616874807,1.5844389538201744,-0.3128748435367813,0.43266324030769676,-0.3175502971999862,0.47859920898879016,0.20767446531241762
26.600000000009526,0.5037347612400769,0.5771095693107487,0.5648875570261981,0.6015440343863044,1.8148641252055666,0.7718851392489102,0.11609801726497924,0.8331054989663254,0.09436623259913723,1.4811085933819046,-0.26815037800883335,0.4610115520457695,-0.26821794194012727,0.5071778017871672,0.333755531823662
26.70000000000965,0.558420901926951,0.5158747306239727,0.6218391998544596,0.5367011989020797,1.8269250080460329,0.7792600686701532,0.03151151873225141,0.8381317346431892,0.006276497690047011,1.370385706370867,-0.22083916674320214,0.4843632118917213,-0.21629253478872967,0.5304247012120327,0.45653930167516577
26.80000000000977,0.6067792508707979,0.45072530925567666,0.6720858463040079,0.4675993165505048,1.828117394889788,0.7782294354973607,-0.05181840332720957,0.8344026360769856,-0.08056085383741259,1.2529626376153065,-0.1714501846265628,0.5025437125828862,-0.1623167897729777,0.5481601703879174,0.5751547572744815
26.900000000009893,0.6484692275982006,0.3826719414410327,0.7152477780613409,0.395157638087954,1.8179822318807017,0.768975610105719,-0.1327757343529276,0.8220958485549206,-0.16511304522355166,1.1292304151587547,-0.12050638250751844,0.5154476757939603,-0.1068480704935797,0.5602706833115056,0.6887518167219471
27.000000000010015,0.6832487766341536,0.31267003107472413,0.7510355229293433,0.32025861201074646,1.795808220397215,0.751786686657,-0.21036585660530732,0.8014873933219703,-0.24644809308638577,0.9993160408161568,-0.06853791002284637,0.5230358876800314,-0.050451870392626996,0.5667067050971322,0.7964921795810582
27.100000000010137,0.7109675954214256,0.2415956975064249,0.7792452792227076,0.2437307129258957,1.7606817196877187,0.7270433009885408,-0.28373526786363473,0.7729408485047135,-0.3237487097776707,0.8631396444047289,-0.01607570556711513,0.5253309653700596,0.006304430717994136,0.5674794227035664,0.8975420752829898
27.20000000001026,0.7315582496420407,0.1702277166336267,0.7997528527275388,0.1663359450342102,1.711555663280663,0.6952038257054921,-0.3521842299430708,0.7368954124820611,-0.39632071202155356,0.7204878535968905,0.03635442393654864,0.5224119465766975,0.06285744024547768,0.5626566570557637,0.9910678096837725
27.30000000001038,0.7450258117414832,0.09923612578969365,0.8125065933782596,0.08876236776290165,1.6473336517325943,0.6567886698294785,-0.4151720036367397,0.6938534063093625,-0.46359583905074603,0.5710988241528627,0.08823714191200471,0.5144081294264333,0.11865318706889705,0.5523582068136477,1.0762348275797315
27.400000000010504,0.751436707381654,0.02917779660493479,0.8175198395885089,0.011621710881551782,1.5669645035580646,0.6123644255560038,-0.4723147102984698,0.6443677671561109,-0.5251291689672423,0.414753714917471,0.13907228182565023,0.5014925069034045,0.17315207243239805,0.536750879848794,1.1522107886405937
27.500000000010626,0.750907466022571,-0.039501099364425724,0.8148633708464427,-0.06454813355341117,1.4695419168480472,0.5625285816068175,-0.5233762386165381,0.5890300520627751,-0.5805915942581786,0.2513690136515314,0.18837888441575346,0.48387513925211245,0.22583331878366752,0.5160434607047675,1.2181729031965158
27.60000000001075,0.7435940455530159,-0.10645617978538784,0.8046583344670655,-0.13927622048861096,1.3544035500582874,0.5078954628576965,-0.5682529683629995,0.5284594127099266,-0.6297580620787706,0.08108404382619533,0.2356985826953194,0.4617967885776117,0.2761989217571389,0.4904818415901596,1.2733195062320921
27.70000000001087,0.7296823385540198,-0.17143028861690807,0.7870700524558948,-0.2121479772266871,1.2212237906027041,0.4490839628259977,-0.6069533925633724,0.46329292072693207,-0.6724924893434128,-0.09566178675049636,0.28059837572802204,0.4355231039464644,0.3237771317289627,0.46034451211672567,1.3168855773532004
27.800000000010993,0.7093803729900758,-0.23423437482703194,0.7623030327855097,-0.28279185527113887,1.070094747021951,0.38670751440381784,-0.6395739694685512,0.3941775239227185,-0.7087304162599697,-0.2780669091038853,0.322672858586258,0.40533959464151925,0.3681255088627912,0.4259385609888308,1.3481616561258365
27.900000000011115,0.682912598198771,-0.2947251462061198,0.7305974106725934,-0.3508642632113915,0.9015905611968074,0.32136660157236013,-0.6662727129484511,0.321763802199228,-0.7384605568295902,-0.464924808955426,0.3615459966264109,0.37154756674233136,0.4088336084733654,0.3875962936181987,1.3665153701522335
28.000000000011237,0.6505165047382051,-0.35278099795268025,0.6922269352193425,-0.416033920262647,0.7168109624045971,0.25364395849163923,-0.6872421253437747,0.24670157394484798,-0.7617064362578375,-0.6546036378963074,0.39687254624656587,0.33446112739109446,0.44552536127449455,0.3456725159951905,1.3714146003009045
28.10000000001136,0.6124416717727778,-0.40827779972839723,0.6474985012036306,-0.477966791663083,0.5174010320376472,0.18410244078596155,-0.7026830856196743,0.16963728584484233,-0.7785092717942631,-0.8450501323210251,0.4283392309868162,0.29440528589127707,0.4778612153587883,0.3005424801311801,1.3624511643586723
28.20000000001148,0.5689511767080262,-0.4610661223335475,0.5967531112959887,-0.5363127241934471,0.30554536183446224,0.11328539574952863,-0.7127812276572973,0.09121300769979285,-0.7889131572862436,-1.0338184532979877,0.4556657809584976,0.25171510532374985,0.5055401035961959,0.25260043309279645,1.33936381513245
28.300000000011604,0.5203251474076963,-0.5109513962770947,0.5403680469098683,-0.590694795004783,0.08393610596560072,0.04171921207794725,-0.7176871830812301,0.012066755049561388,-0.7929534580740497,-1.2181232207989567,0.47860593532974904,0.2067357868041354,0.5283012918603069,0.20225866306926676,1.3020593267645575
28.400000000011726,0.4668660959710461,-0.5576783241188099,0.4787599322112102,-0.6407022254081073,-0.1442842208102897,-0.030082396569004768,-0.7175018288953392,-0.06716621849498597,-0.7906491201834226,-1.3949147063039826,0.49694849254005086,0.1598235047765293,0.5459261507061962,0.1499468947753153,1.250630485493693
28.50000000001185,0.40890555244524734,-0.6009206256776813,0.4123883007578159,-0.6858875019896454,-0.3756030314181258,-0.10161291958342376,-0.7122673850227608,-0.1458515759372473,-0.7819993570991473,-1.5609729380572972,0.5105184720286711,0.11134675934507943,0.5582398766950631,0.09611185510950182,1.1853699066391714
28.60000000001197,0.3468114236159688,-0.6402768930057829,0.3417592220413453,-0.7257681016044566,-0.6062376640887138,-0.1723670022089531,-0.7019648664795538,-0.22335394851741305,-0.7669849117488454,-1.7130164273131985,0.5191784258249219,0.06168797347377086,0.5651131705587583,0.04121681014438883,1.1067787632244848
28.700000000012093,0.2809954413165174,-0.6752729865485453,0.26742851887105207,-0.7598329476575355,-0.832250672033206,-0.241834468580435,-0.6865180276044119,-0.29903534016757016,-0.74557381503238,-1.8478203973636627,0.5228299098969524,0.011245041055866656,0.5664638590386222,-0.014259132625155546,1.0155697253304568
28.800000000012215,0.21192003994428416,-0.7053710335831164,0.19000410768715664,-0.7875534470470623,-1.0496751718107258,-0.30949505545007433,-0.6658035611897751,-0.37225431912914836,-0.7177312902034123,-1.9623388340781975,0.5214150953943585,-0.03956747239334124,0.562258426816305,-0.06982215684365001,0.9126636622674718
28.900000000012337,0.14010401557648514,-0.7299847146084202,0.11014702266635187,-0.8083986851505621,-1.254644468216661,-0.37481445505244093,-0.6396669535670205,-0.4423663831219097,-0.6834331993246312,-2.0538244073908545,0.514918470628926,-0.09031776104139966,0.5525134057882616,-0.12496548582593092,0.7991799391741934
29.00000000001246,0.06612636873968553,-0.7485001629026413,0.02857073954089084,-0.8218541049138173,-1.4435199210478264,-0.4372421888393511,-0.6079430670680306,-0.5087258127278252,-0.642682207553287,-2.1199403525027067,0.5033685575790366,-0.14055709583461073,0.5372965522687161,-0.1791718973605303,0.6764204314548803
29.10000000001258,-0.009372182961287511,-0.7603014762430347,-0.053961506361290795,-0.8274427790135994,-1.6130110765401793,-0.49621172648570616,-0.5704802414953447,-0.5706892360186765,-0.5955256651189931,-2.158858746185662,0.48683954352441866,-0.18982123474768997,0.5167277296573857,-0.23191711389460634,0.5458476696454828
29.200000000012704,-0.08569042182669868,-0.7647995652860631,-0.13664161526426785,-0.8247482129781009,-1.7602824509517234,-0.5511431323903994,-0.5271664913268055,-0.6276210208717078,-0.5420740851227317,-2.169340249988172,0.4654527105637007,-0.2376330739592576,0.4909794056074399,-0.28267412785536916,0.40905779903644857
29.300000000012826,-0.1620708375719766,-0.7614628551054357,-0.21862382619743556,-0.8134375014185928,-1.8830420068974025,-0.6014483719729973,-0.4779562369721943,-0.6789004956610621,-0.48251903443775723,-2.150791285637044,0.4393775344010207,-0.28350661813324135,0.46027666946362655,-0.3309184669808356,0.2677492787396416
29.400000000012948,-0.23770693073270951,-0.7498482261589142,-0.29903420225773103,-0.7932836055984199,-1.9796072707341588,-0.6465392504610316,-0.4228959540583695,-0.7239308803754242,-0.4171492585295264,-2.103295712270011,0.408832319728322,-0.3269522721005447,0.42489667811769316,-0.37613434706889354,0.12368844153585234
29.50000000001307,-0.31175355297013574,-0.7296305356863769,-0.3769822486141505,-0.7641855316340614,-2.0489461543013676,-0.6858377961754424,-0.3621471575698595,-0.7621496951658981,-0.3463639290192635,-2.0276193329998327,0.37408424320530664,-0.36748337811651743,0.38516744655174767,-0.41782160261479795,-0.02132682130153496
29.600000000013193,-0.3833400607732935,-0.7006291029421005,-0.45157439517945097,-0.726185264456515,-2.0906908085459133,-0.7187887472362195,-0.29600525622463786,-0.7930403081810994,-0.2706820319634964,-1.9251869043041934,0.335448686462926,-0.4046238467174626,0.3414659130016484,-0.4555032324930186,-0.1655039042417199
29.700000000013315,-0.4515859031076851,-0.6628296698237583,-0.5219289677489484,-0.6794804496127177,-2.105124184098485,-0.7448736634323326,-0.22491301069405933,-0.8161441951098919,-0.19074709853056895,-1.7980326858161382,0.29328776032464754,-0.437916659129699,0.2942152273609435,-0.48873335108214877,-0.3070914982823467
29.800000000013437,-0.5156181244680178,-0.6164005559466401,-0.5871921797585874,-0.6244320061823033,-2.0931403344747537,-0.7636260712182076,-0.1494675969340619,-0.831073414130366,-0.1073267085452804,-1.6487268792553635,0.24800794675018978,-0.46693295901257825,0.24388123437177855,-0.517105297637023,-0.44441345521939013
29.90000000001356,-0.5745901499888595,-0.5617020034042124,-0.6465546066032666,-0.561566089781971,-2.0561808003603286,-0.774646965687468,-0.0704205990501606,-0.8375227558882637,-0.021306459359754903,-1.4802814952592678,0.20005681569860856,-0.49128140435405177,0.19096814928499717,-0.540259630422216,-0.5758993051010608
30.0,-0.6277011349305796,-0.49928803711357383,-0.6992675595372837,-0.49157009273732816,-1.9961505905977814,-0.7776199436602996,0.011329382100517267,-0.835281011348211,0.06632162596103418,-1.2960401938928519,0.14991880872972008,-0.5106174192140911,0.13601345181092728,-0.5578917186983623,-0.7001103967049296
