time,x,v,u
0.0,0.0,0.0,0.0
0.05,0.00011099104175673056,0.006590075239819547,0.2748854309887308
0.1,0.0008598523972823903,0.025235700783867495,0.5490837915575548
0.15000000000000002,0.0028079086992612804,0.054287733026340323,0.8219097286047958
0.2,0.006435462660506231,0.09215607478917387,1.0926813193728366
0.25,0.01214497810305687,0.13731862014266832,1.3607217758998762
0.3,0.020264668686480455,0.18832855742672067,1.6253611366373675
0.35,0.031052413244436625,0.243820150665203,1.8859379410049824
0.39999999999999997,0.04469992467094667,0.3025131202510007,2.1418008826975776
0.44999999999999996,0.06133710533201693,0.3632157431939151,2.392310437611766
0.49999999999999994,0.08103652795470773,0.4248267915235655,2.636840462323116
0.5499999999999999,0.10381798681241246,0.48633642477282846,2.874779759118625
0.6,0.12965306973723356,0.5468261489745693,3.1055336036726944
0.65,0.1584697070099374,0.6054679504174401,3.3285252315482174
0.7000000000000001,0.1901566584734494,0.6615227076486532,3.543197279807301
0.7500000000000001,0.22456790526156756,0.7143379799973351,3.749013180128338
0.8000000000000002,0.261526917310379,0.7633452653268012,3.945458499947376
0.8500000000000002,0.3008307723106641,0.8080568139044164,4.132042228271611
0.9000000000000002,0.3422541059548719,0.8480620792912871,4.308298002951159
0.9500000000000003,0.38555287722572706,0.8830238810799054,4.473785276341557
1.0000000000000002,0.4304679360625884,0.9126743482165874,4.628090416443431
1.0500000000000003,0.47672838402706974,0.9368107055995695,4.770827740767094
1.1000000000000003,0.5240547215748066,0.9552909606975689,4.901640480337895
1.1500000000000004,0.5721617782318206,0.9680295411347004,5.020201671432867
1.2000000000000004,0.6207614243800871,0.9749929285760439,5.126214972819746
1.2500000000000004,0.6695650654878779,0.9761953288574963,5.219415406455725
1.3000000000000005,0.7182859214879952,0.9716944131612509,5.299570019794562
1.3500000000000005,0.7666410956241136,0.9615871601660964,5.366478468046625
1.4000000000000006,0.8143534384660495,0.9460058245162153,5.419973514936531
1.4500000000000006,0.8611532139535207,0.9251140526650219,5.459921450706737
1.5000000000000007,0.9067795752799738,0.8991031631691767,5.4862224263223
1.5500000000000007,0.9509818591887111,0.868188604835733,5.498810703041464
1.6000000000000008,0.9935207078383503,0.8326066027623943,5.497654816728278
1.6500000000000008,1.0341690278189528,0.7926109992540037,5.4827576564965534
1.7000000000000008,1.072712796179173,0.7484702938418947,5.454156457488576
1.7500000000000009,1.1089517234733046,0.7004648841685178,5.411922707806652
1.800000000000001,1.1426997838695243,0.6488845073178011,5.356161969830072
1.850000000000001,1.1737856222907628,0.5940258792603301,5.287013616364148
1.900000000000001,1.2020528484007102,0.5361905284286669,5.204650482280778
1.950000000000001,1.2273602270119812,0.4756828180279362,5.109278432521279
2.000000000000001,1.249581774193266,0.4128081505053932,5.0011358475412475
2.0500000000000007,1.268606767998429,0.34787134663469366,4.880493027483563
2.1000000000000005,1.2843396823432471,0.28117519090035825,4.747651516568804
2.1500000000000004,1.2967000521243288,0.21301913427963953,4.602943349391737
2.2,1.3056222772183996,0.1436981450969046,4.446730221007746
2.25,1.3110553725265153,0.07350169835416383,4.2794025828835665
2.3,1.3129626707440067,0.0027128938052516788,4.101378666971962
2.3499999999999996,1.3113214840494773,-0.068392306974419,3.9131034403496456
2.3999999999999995,1.3061227304206173,-0.13954573417993332,3.715047493031332
2.4499999999999993,1.2973705298059595,-0.21048756350493553,3.507705861739774
2.499999999999999,1.2850817749142511,-0.28096677921700103,3.291596792571765
2.549999999999999,1.2692856809305522,-0.3507415554615186,3.0672604456527974
2.5999999999999988,1.250023318033545,-0.41957956428937543,2.835257545018059
2.6499999999999986,1.2273471301743863,-0.4872582184727817,2.596167977094361
2.6999999999999984,1.2013204431857367,-0.5535648567074982,2.3505893412860726
2.7499999999999982,1.1720169649219023,-0.6182968783076667,2.0991354562878333
2.799999999999998,1.139520279788402,-0.6812618339897134,1.8424348258574872
2.849999999999998,1.103923339702411,-0.7422774788219366,1.581129067884006
2.8999999999999977,1.0653279532347892,-0.8011717928931541,1.315871310676915
2.9499999999999975,1.0238442744197658,-0.8577829747332052,1.0473245604856631
2.9999999999999973,0.9795902924795712,-0.9119594120054376,0.7761600443292842
3.049999999999997,0.9326913234978684,-0.9635596334911861,0.5030555322784191
3.099999999999997,0.8832795048869978,-1.0124522459025926,0.2286936433831148
3.149999999999997,0.8314932933289206,-1.0585158585962582,-0.046239860519300305
3.1999999999999966,0.7774769667272524,-1.101638998818898,-0.32105778885167097
3.2499999999999964,0.7213801305867391,-1.1417200196995883,-0.5950732399155767
3.2999999999999963,0.6633572291356675,-1.1786670028130628,-0.8676013177878458
3.349999999999996,0.6035670614246562,-1.2123976567760675,-1.1379608442036773
3.399999999999996,0.54217230257064,-1.242839213004847,-1.4054760611475507
3.4499999999999957,0.4793390302662052,-1.269928319456864,-1.669478319896338
3.4999999999999956,0.4152362566402942,-1.2936109329039398,-1.9293077522928863
3.5499999999999954,0.35003546553523385,-1.3138422100369584,-2.1843149200727563
3.599999999999995,0.28391015525562113,-1.3305863974836438,-2.4338624381216643
3.649999999999995,0.2170353868454064,-1.3438167206299862,-2.677326567606323
3.699999999999995,0.1495873379592022,-1.353515270971786,-2.9140987749966887
3.7499999999999947,0.08174286241108304,-1.3596728915844274,-3.143587253082867
3.7999999999999945,0.013679055507682475,-1.3622890601852022,-3.365218400184931
3.8499999999999943,-0.054427174698965755,-1.3613717691719418,-3.5784382538583968
3.899999999999994,-0.12239953007077728,-1.356937401953021,-3.7827138755118326
3.949999999999994,-0.19006273875155547,-1.349010604835471,-3.9775346824757927
3.999999999999994,-0.2572429650024426,-1.3376241537084996,-4.162413724193583
4.049999999999994,-0.3237682122253004,-1.3228188147476223,-4.336888899344052
4.099999999999993,-0.3894687188557281,-1.3046431983683353,-4.500524110854236
4.149999999999993,-0.45417734676926563,-1.2831536056762616,-4.652910355914935
4.199999999999993,-0.5177299618073956,-1.2584138666914817,-4.793666748274715
4.249999999999993,-0.5799658059948517,-1.2304951696668454,-4.922441470257192
4.299999999999993,-0.6407278609869904,-1.1994758808720039,-5.0389126521219865
4.3499999999999925,-0.69986320225605,-1.1654413542753381,-5.142789176571456
4.399999999999992,-0.7572233434983895,-1.1284837306235485,-5.2338114063923245
4.449999999999992,-0.8126645707216056,-1.0887017254921652,-5.311751833413502
4.499999999999992,-0.8660482654510271,-1.0462004059584358,-5.376415647158025
4.549999999999992,-0.9172412164796875,-1.001090955629828,-5.427641221767794
4.599999999999992,-0.9661159195746414,-0.9534904278456989,-5.46530051998405
4.6499999999999915,-1.0125508645455084,-0.9035214869555616,-5.489299413173834
4.699999999999991,-1.0564308090784618,-0.8513121376639097,-5.499577916602554
4.749999999999991,-1.0976470387405401,-0.7969954425179361,-5.496110339364581
4.799999999999991,-1.1360976125651168,-0.7407092276999308,-5.478905348597128
4.849999999999991,-1.1716875936395574,-0.6825957773700059,-5.44800594781693
4.899999999999991,-1.2043292641304286,-0.622801516886449,-5.403489369433839
4.94999999999999,-1.2339423241999716,-0.5614766853099197,-5.345466881710027
4.99999999999999,-1.2604540742897727,-0.49877499767339567,-5.2740835106472765
5.04999999999999,-1.283799580273473,-0.43485329757183766,-5.189517677497504
5.09999999999999,-1.3039218210097805,-0.3698712006936191,-5.091980752802549
5.14999999999999,-1.3207718178597612,-0.30399072997956195,-4.981716528077899
5.1999999999999895,-1.3343087457681786,-0.2373759431546869,-4.85900060646087
5.249999999999989,-1.3445000255472919,-0.1701925534323335,-4.724139713846286
5.299999999999989,-1.3513213970427662,-0.10260754423997663,-4.577470932231489
5.349999999999989,-1.354756972904955,-0.03478877886075857,-4.419360857186892
5.399999999999989,-1.3547992727345244,0.03309539407560301,-4.250204681557969
5.449999999999989,-1.3514492374189633,0.10087653828431246,-4.070425207688961
5.4999999999999885,-1.344716223525684,0.1683865297017088,-3.8804717906372
5.549999999999988,-1.3346179776679412,0.23545795752408907,-3.680819215019488
5.599999999999988,-1.3211805908114047,0.30192452536762915,-3.4719665082978177
5.649999999999988,-1.3044384325416796,0.36762145149340814,-3.2544356934706067
5.699999999999988,-1.284434065366129,0.43238586703189286,-3.028770484287064
5.749999999999988,-1.2612181391767796,0.4960572111363045,-2.79553492624598
5.799999999999987,-1.2348492660546453,0.558477621993942,-2.555311986775726
5.849999999999987,-1.2053938756492688,0.619492322628627,-2.3087020981192903
5.899999999999987,-1.1729260514204287,0.6789500004358131,-2.0563216565663662
5.949999999999987,-1.1375273480815873,0.736703179404399,-1.7988014817836429
5.999999999999987,-1.099286590636559,0.7926085839957262,-1.5367852400941628
6.0499999999999865,-1.0582996554518629,0.846527493670454,-1.2709278356467286
6.099999999999986,-1.0146692338571108,0.8983260870777942,-1.0018937734965994
6.149999999999986,-0.9685045788143881,0.9478757749487776,-0.7303554986889195
6.199999999999986,-0.9199212352447603,0.9950535207656127,-0.4569917154963081
6.249999999999986,-0.8690407546456058,1.0397421483125981,-0.1824856910116406
6.299999999999986,-0.8159903946763131,1.081830635250274,0.09247645266384528
6.349999999999985,-0.7609028044318328,1.1212143918933402,0.3672074533684771
6.399999999999985,-0.7039156961635289,1.157795524414153,0.6410206266776326
6.449999999999985,-0.6451715042446007,1.1914830817371294,0.9132315822571828
6.499999999999985,-0.5848170322129518,1.2221932854349706,1.1831599344829042
6.549999999999985,-0.5230030887576582,1.249849741985055,1.4501310030502008
6.5999999999999845,-0.4598841135460471,1.2743836367934775,1.7134774993234991
6.649999999999984,-0.3956177938167642,1.2957339094448428,1.97254119421032
6.699999999999984,-0.33036467269001213,1.313847409687858,2.22667456339121
6.749999999999984,-0.2642877501693115,1.3286790337198784,2.4752424057933182
6.799999999999984,-0.19755207782963613,1.3401918403876163,2.7176234312622687
6.849999999999984,-0.13032434820454047,1.348357146976108,2.9532118134639864
6.8999999999999835,-0.06277247989990971,1.3531546043135367,3.181418704135025
6.949999999999983,0.004934800525816588,1.3545722509755116,3.4016737048965586
6.999999999999983,0.07262837886568203,1.3526065464287071,3.61342629295327
7.049999999999983,0.1401391746966546,1.3472623830102446,3.816147197113633
7.099999999999983,0.2072985628808447,1.338553076695688,4.0093297206922545
7.149999999999983,0.2739387940749268,1.326500336664879,4.192491007987699
7.199999999999982,0.3398934131890562,1.3111342137309137,4.365173251170283
7.249999999999982,0.40499767474123094,1.2924930277532147,4.526944834563225
7.299999999999982,0.46908895406047585,1.270623274210765,4.677401413457053
7.349999999999982,0.532007153302394,1.2455795101659672,4.816166924760805
7.399999999999982,0.593595101253496,1.2174242199031933,4.942894526963903
7.4499999999999815,0.6536989459162418,1.1862276605787359,5.057267467059298
7.499999999999981,0.7121685388848598,1.1520676882704513,5.1589998722610275
7.549999999999981,0.7688578105426863,1.1150295648657806,5.247837464537301
7.599999999999981,0.823625135134938,1.075205746275931,5.323558196173149
7.649999999999981,0.8763336847964139,1.032695652511681,5.385972804774078
7.699999999999981,0.9268517716415615,0.9876054202024461,5.434925286323486
7.7499999999999805,0.9750531770545399,0.9400476381847823,5.470293285111458
7.79999999999998,1.0208174673493031,0.890141066829339,5.491988399560321
7.84999999999998,1.0640302950042084,0.8380103418162873,5.499956403182552
7.89999999999998,1.104583684712143,0.7837856631083646,5.494177380118751
7.94999999999998,1.1423763035255547,0.7276024699078041,5.47466577491692
7.99999999999998,1.1773137144159715,0.6696011024184779,5.441470356428616
8.04999999999998,1.2093086126094956,0.6099264512674981,5.394674095912221
8.09999999999998,1.2382810441032424,0.5487275954712194,5.334393959648001
8.14999999999998,1.264158605812664,0.48615742985901256,5.2607806165833315
8.199999999999982,1.2868766268460308,0.4223722828942508,5.174018061738785
8.249999999999982,1.3063783304499117,0.3575315258556378,5.074323156316409
8.299999999999983,1.3226149762181973,0.29179717436323893,4.961945085659655
8.349999999999984,1.3355459822069045,0.22533348325231922,4.8371647364197985
8.399999999999984,1.3451390266475736,0.15830653581430343,4.700293994485588
8.449999999999985,1.3513701290033846,0.09088382843781896,4.551674965430956
8.499999999999986,1.354223710164057,0.02323385169383506,4.391679119429243
8.549999999999986,1.3536926316280182,-0.04447433108264942,4.220706362771231
8.599999999999987,1.3497782135731047,-0.11207150665611065,4.03918403830767
8.649999999999988,1.3424902317700647,-0.17938873513777054,3.8475658573147227
8.699999999999989,1.3318468933462246,-0.24625777255468673,3.6463307654520523
8.74999999999999,1.3178747914597375,-0.312511491680835,3.435981745648104
8.79999999999999,1.3006088389977157,-0.37798430007511385,3.217044560904737
8.84999999999999,1.2800921814641293,-0.44251255427857783,2.9900664401635275
8.899999999999991,1.2563760892754987,-0.5059349691331809,2.755614710518408
8.949999999999992,1.2295198297339904,-0.5680930211968629,2.514275379193392
8.999999999999993,1.1995905189984208,-0.6288313452449021,2.2666516688296965
9.049999999999994,1.1666629544237426,-0.6879981228650507,2.013362509743297
9.099999999999994,1.1308194276887238,-0.7454454621740216,1.7550409929214645
9.149999999999995,1.0921495191796007,-0.8010297677053551,1.492332787625008
9.199999999999996,1.0507498741443702,-0.854612099543503,1.225894527551381
9.249999999999996,1.0067239611779812,-0.9060585208060733,0.9563921695924038
9.299999999999997,0.9601818136428606,-0.9552404326054948,0.6844993292888588
9.349999999999998,0.9112397546718696,-1.0020348956528435,0.41089559714245105
9.399999999999999,0.86002010644182,-1.0463249377001107,0.13626483999347747
9.45,0.806650884444983,-1.0879998460527325,-0.13870650829012296
9.5,0.7512654775235061,-1.1269554444216336,-0.41333116253995117
9.55,0.694002314467218,-1.1630943534232838,-0.6869227041421377
9.600000000000001,0.6350045180088567,-1.196326234077222,-0.9587972967263977
9.650000000000002,0.574419547082228,-1.2265680136930706,-1.228275395400821
9.700000000000003,0.5123988282381042,-1.2537440935831308,-1.494683445260202
9.750000000000004,0.44909737713973663,-1.2777865380821236,-1.7573555649225234
9.800000000000004,0.3846734110846137,-1.298635244402388,-2.0156352108856246
9.850000000000005,0.3192879535214891,-1.31623809290077,-2.2688768185440367
9.900000000000006,0.2531044315516694,-1.3305510773824052,-2.5164474157642935
9.950000000000006,0.18628826742105065,-1.3415384151164946,-2.7577282049856198
10.000000000000007,0.11900646502437076,-1.3491726362898735,-2.9921161098915667
10.050000000000008,0.05142719245557441,-1.3534346526755556,-3.2190252827867316
10.100000000000009,-0.016280638351968774,-1.3543138053453634,-3.4378885689108896
10.15000000000001,-0.08394779384441466,-1.3518078913081113,-3.6481589240305254
10.20000000000001,-0.15140514186997417,-1.3459231690074507,-3.849310781764525
10.25000000000001,-0.2184840744474576,-1.336674342666296,-4.040841367226415
10.300000000000011,-0.2850169292239362,-1.3240845255175844,-4.222271953699741
10.350000000000012,-0.35083740856793055,-1.3081851820138617,-4.393149059205543
10.400000000000013,-0.41578099525047335,-1.2890160491606837,-4.553045579971133
10.450000000000014,-0.4796853636749488,-1.26662503717097,-4.701561857967096
10.500000000000014,-0.542390785627762,-1.2410681096890859,-4.838326679844222
10.550000000000015,-0.6037405295356075,-1.2124091438844595,-4.962998204773563
10.600000000000016,-0.6635812522313583,-1.180719770764814,-5.075264818870471
10.650000000000016,-0.7217633822493382,-1.1460791961084964,-5.174845914067023
10.700000000000017,-0.7781414936919303,-1.1085740024637918,-5.261492589486062
10.750000000000018,-0.8325746697330544,-1.0682979327103963,-5.334988273563756
10.800000000000018,-0.884926854849963,-1.025351655724272,-5.395149265365722
10.85000000000002,-0.9350671949029885,-0.9798425147318067,-5.441825193743696
10.90000000000002,-0.9828703642132585,-0.931884258982441,-5.474899393185086
10.95000000000002,-1.0282168788209027,-0.8815967594105831,-5.494289195415998
11.000000000000021,-1.0709933951408233,-0.8291057089976345,-5.499946136028869
11.050000000000022,-1.1110929932696008,-0.7745423085831542,-5.4918560756182435
11.100000000000023,-1.148415444235484,-0.7180429389105456,-5.470039235121928
11.150000000000023,-1.1828674605235403,-0.659748819727028,-5.43455014527917
11.200000000000024,-1.214362929249854,-0.599805656789998,-5.385477510332217
11.250000000000025,-1.2428231274020263,-0.5383632776620938,-5.322943986311903
11.300000000000026,-1.2681769186080614,-0.47557525720528454,-5.2471058744614485
11.350000000000026,-1.2903609309418822,-0.4115985337100375,-5.158152730564754
11.400000000000027,-1.3093197153211282,-0.3465930166190154,-5.056306891155659
11.450000000000028,-1.325005884101387,-0.2807211868257512,-4.941822917792399
11.500000000000028,-1.3373802295205106,-0.21414769054730132,-4.814986960786281
11.55000000000003,-1.3464118216970316,-0.1470389277859312,-4.6761160439749325
11.60000000000003,-1.3520780859377899,-0.07956263640840501,-4.525557272327804
11.65000000000003,-1.354364859161601,-0.01188747288240291,-4.363686964364522
11.700000000000031,-1.3532664252979867,0.05581740928206037,-4.1909097115545695
11.750000000000032,-1.3487855295725395,0.12338278233260781,-4.0076573670493145
11.800000000000033,-1.3409333716432625,0.19063976725915316,-3.814387966274046
11.850000000000033,-1.3297295776050806,0.257420255906064,-3.611584582077944
11.900000000000034,-1.3152021509325378,0.32355733115684465,-3.3997541173035373
11.950000000000035,-1.2973874024833334,0.38888568414116587,-3.1794260377935886
12.000000000000036,-1.276329859737684,0.453242027421508,-2.9511510490022275
12.050000000000036,-1.2520821555003936,0.5164655031267331,-2.715499719518116
12.100000000000037,-1.2247048963438454,0.5783980850125279,-2.473061054940125
12.150000000000038,-1.1942665111207607,0.638884973443836,-2.2244410256700826
12.200000000000038,-1.1608430799253842,0.6977749823120878,-1.9702610523023574
12.250000000000039,-1.1245181439306198,0.7549209169201903,-1.711156452395996
12.30000000000004,-1.08538249657644,0.8101799418908125,-1.4477748525116978
12.35000000000004,-1.0435339566314985,0.8634139381784356,-1.1807745694826883
12.400000000000041,-0.9990771236951852,0.9144898482928657,-0.9108229649654801
12.450000000000042,-0.9521231167512482,0.9632800088713738,-0.6385947773832886
12.500000000000043,-0.9027892964264651,1.0096624697682401,-0.36477043543136983
12.550000000000043,-0.8511989716485794,1.0535212988641796,-0.09003435735964307
12.600000000000044,-0.7974810914367031,1.0947468718338138,0.18492675971649591
12.650000000000045,-0.7417699225945513,1.1332361461469487,0.4594256562013384
12.700000000000045,-0.6842047141121064,1.1688929186188195,0.7327762278099339
12.750000000000046,-0.6249293491145302,1.2016280658655838,1.0042952404714867
12.800000000000047,-0.5640919852282698,1.2313597670640652,1.2733040380587113
12.850000000000048,-0.5018446842632475,1.2580137084589813,1.5391302386747132
12.900000000000048,-0.43834303213673553,1.2815232691065033,1.801109415257561
12.950000000000049,-0.37374574998890087,1.3018296873898987,2.058586756301916
13.00000000000005,-0.30821429746202367,1.3188822078910598,2.3109187025467732
13.05000000000005,-0.24191246913497977,1.3326382082508235,2.557474555538459
13.100000000000051,-0.17500598512168392,1.3430633057009984,2.7976380540482997
13.150000000000052,-0.10766207685677903,1.3501314430018316,3.030808914404752
13.200000000000053,-0.04004906910388491,1.3538249535701121,3.256404330889963
13.250000000000053,0.027664040768837966,1.3541346056351278,3.4738604324505395
13.300000000000054,0.09530800519422361,1.351059625312105,3.6826336920815304
13.350000000000055,0.1627137494369471,1.3446076985354578,3.882202285360869
13.400000000000055,0.22971279419233137,1.33479495184701,4.072067394738671
13.450000000000056,0.296137676696843,1.3216459120872066,4.251754456321329
13.500000000000057,0.3618223692977257,1.3051934450900602,4.420814346034101
13.550000000000058,0.4266026944355707,1.2854786735350556,4.578824502197392
13.600000000000058,0.49031673500258777,1.2625508741613392,4.725389981710892
13.650000000000059,0.552805239050901,1.2364673546010923,4.860144447205644
13.70000000000006,0.613912017839312,1.2072933101399401,4.982751082696681
13.75000000000006,0.6734843362236271,1.17510166076241,5.0929034354475755
13.800000000000061,0.7313732944147767,1.139972868889737,5.1903261819426865
13.850000000000062,0.7874342001505369,1.1019947382655702,5.274775816052562
13.900000000000063,0.8415269303506185,1.0612621944922538,5.346041257672448
13.950000000000063,0.8935162813511788,1.0178770477662245,5.403944380312618
14.000000000000064,0.9432723068433523,0.9719477384055534,5.4483404563218345
14.050000000000065,0.9906706426711349,0.9235890658056798,5.479118518631105
14.100000000000065,1.0355928176767963,0.8729219015007972,5.49620163811356
14.150000000000066,1.0779265498168704,0.8200728870480861,5.499547115867212
14.200000000000067,1.1175660268085905,0.7651741174899199,5.489146589939966
14.250000000000068,1.1544121706052999,0.7083628111852194,5.465026056230152
14.300000000000068,1.1883728850397879,0.6497809668352008,5.4272458035103135
14.350000000000069,1.2193632860165728,0.5895750085607718,5.375900262736674
14.40000000000007,1.247305913677772,0.5278954199186916,5.3111177710209265
14.45000000000007,1.2721309260122546,0.46489636777126336,5.233060250854293
14.500000000000071,1.2937762734241558,0.400735316949684,5.141922805385618
14.550000000000072,1.3121878538244214,0.33557263667419074,5.037933230765109
14.600000000000072,1.327319647857736,0.2695711997147464,4.9213514467725945
14.650000000000073,1.339133833926837,0.20289597529415127,4.792468847153435
14.700000000000074,1.3476008827267123,0.13571361675110938,4.65160757128592
14.750000000000075,1.3526996310523978,0.06819204499387628,4.499119699000582
14.800000000000075,1.3544173346958903,0.000500028785635015,4.335386370563986
14.850000000000076,1.352749700299963,-0.06719323708933214,4.160816834026557
14.900000000000077,1.3477008960892642,-0.13471855472431227,3.975847422315578
14.950000000000077,1.339283541451876,-0.2019071459966451,3.780940462630121
15.000000000000078,1.327518675397374,-0.26859107442497526,3.5765831208638166
15.050000000000079,1.3124357039702266,-0.3346036649228502,3.363286183943834
15.10000000000008,1.2940723267499703,-0.39977992039949956,3.1415827831295764
15.15000000000008,1.2724744426218733,-0.4639569341665093,2.912027061462181
15.200000000000081,1.2476960350536113,-0.5269742971195903,2.6751927886955054
15.250000000000082,1.2197990371647027,-0.588674498677698,2.4316719271705636
15.300000000000082,1.1888531769259587,-0.6489033204773637,2.1820731522179537
15.350000000000083,1.1549358028758696,-0.7075102218382067,1.9270203307865286
15.400000000000084,1.118131690789544,-0.7643487160361645,1.6671509621009248
15.450000000000085,1.078532831783428,-0.819276736443952,1.4031145842455057
15.500000000000085,1.0362382023854315,-0.8721569916235898,1.1355711506574224
15.550000000000086,0.9913535171451666,-0.9228573084834546,0.8651893805867183
15.600000000000087,0.9439909644026421,-0.9712509626421368,0.5926450876464664
15.650000000000087,0.8942689258758556,-1.017216995173368,0.31861949063069356
15.700000000000088,0.8423116807681676,-1.060640514940319,0.0437975108221669
15.750000000000089,0.7882490951350345,-1.1014129857635917,-0.23113393995411244
15.80000000000009,0.7322162972865207,-1.1394324977051309,-0.5054876762527354
15.85000000000009,0.6743533400369168,-1.1746040217899902,-0.7785779566136195
15.900000000000091,0.6148048506456605,-1.2068396475292777,-1.0497221975585307
15.950000000000092,0.5537196693245277,-1.236058802650597,-1.318242679694298
16.000000000000092,0.49125047721463677,-1.2621884544867727,-1.5834682416583454
16.050000000000093,0.4275534147631291,-1.2851632925194936,-1.8447359576725662
16.100000000000094,0.36278769145338535,-1.3049258916216055,-2.1013927945125195
16.150000000000095,0.29711518786424956,-1.3214268555900375,-2.3527972437504037
16.200000000000095,0.2307000510529043,-1.3346249406105986,-2.598320925192029
16.250000000000096,0.16370828427272993,-1.3444871583460511,-2.8373501575000533
16.300000000000097,0.09630733205163892,-1.3509888583897924,-3.0692874920777244
16.350000000000097,0.0286656616679737,-1.3541137898790514,-3.2935532063792268
16.400000000000098,-0.0390476579299399,-1.3538541421136014,-3.509586752914132
16.4500000000001,-0.1066633787081019,-1.3502105640784632,-3.7168481603242007
16.5000000000001,-0.17401249657876916,-1.3431921628217987,-3.9148193830305607
16.5500000000001,-0.24092667382264882,-1.332816480692054,-4.103005596077867
16.6000000000001,-0.3072386598455186,-1.319109451491242,-4.2809364319389855
16.6500000000001,-0.3727827092176017,-1.3021053356539627,-4.448167156188851
16.700000000000102,-0.4373949959508148,-1.2818466346141766,-4.604279779108918
16.750000000000103,-0.5009140229784133,-1.2583839845737712,-4.7488841004437665
16.800000000000104,-0.5631810258135455,-1.231776029938444,-4.881618684698536
16.850000000000104,-0.6240403693777828,-1.2020892767372444,-5.002151764539424
16.900000000000105,-0.6833399370077579,-1.1693979263921526,-5.110182070039243
16.950000000000106,-0.7409315106675983,-1.13378369025318,-5.205439581695338
17.000000000000107,-0.7966711414168239,-1.0953355853625626,-5.2876862053377245
17.050000000000107,-0.8504195092077277,-1.0541497119585257,-5.356716367240506
17.100000000000108,-0.9020422711129372,-1.0103290132747471,-5.412357527949142
17.15000000000011,-0.9514103971127675,-0.9639830182358947,-5.454470613539217
17.20000000000011,-0.9984004926030721,-0.9152275676923649,-5.482950363228826
17.25000000000011,-1.0428951068174899,-0.8641845248784931,-5.497725592475712
17.30000000000011,-1.0847830263931943,-0.81098147081794,-5.498759370901548
17.35000000000011,-1.1239595533463824,-0.755751385437582,-5.486049114598652
17.400000000000112,-1.1603267667627084,-0.6986323151869531,-5.459626592588407
17.450000000000113,-1.1937937675485748,-0.639767027994019,-5.419557847415255
17.500000000000114,-1.2242769056315284,-0.5793026564197132,-5.365943030074729
17.550000000000114,-1.2516999890418778,-0.517390329903163,-5.298916149688125
17.600000000000115,-1.2759944743529403,-0.4541847970168005,-5.218644738549485
17.650000000000116,-1.297099638003912,-0.38984403867552486,-5.125329433382111
17.700000000000117,-1.3149627280771479,-0.32452887326669166,-5.019203473851251
17.750000000000117,-1.3295390961504854,-0.2584025546878976,-4.900532119586401
17.800000000000118,-1.3407923088950482,-0.191630364297258,-4.769611987170377
17.85000000000012,-1.3486942391395966,-0.12437919779608855,-4.626770308752331
17.90000000000012,-1.3532251361738088,-0.05681714807656911,-4.472364114137799
17.95000000000012,-1.354373675114772,0.010886914922946078,-4.30677933840013
18.00000000000012,-1.352136985213294,0.07856376630482943,-4.130429857243779
18.05000000000012,-1.3465206570292831,0.14604424918629466,-3.9437564525306064
18.100000000000122,-1.33753872845826,0.21315969750350955,-3.7472257105547637
18.150000000000123,-1.3252136496439326,0.27974235758891763,-3.5413288558199576
18.200000000000124,-1.3095762268645292,0.345625807468044,-3.3265805232340178
18.250000000000124,-1.2906655455331484,0.4106453728277623,-3.103517471789639
18.300000000000125,-1.268528872504582,0.47463853861631855,-2.8726972429464404
18.350000000000126,-1.2432215379327962,0.537445355246326,-2.634696767067678
18.400000000000126,-1.2148067969743628,0.5989088383854348,-2.390110921394798
18.450000000000127,-1.183355671683511,0.6588753613354098,-2.1395510431641367
18.500000000000128,-1.1489467734939809,0.7171950390188693,-1.883643401582208
18.55000000000013,-1.1116661067313796,0.7737221026139224,-1.623027632478844
18.60000000000013,-1.0716068536471584,0.8283152639003103,-1.3583551395507332
18.65000000000013,-1.028869141511513,0.8808380684063767,-1.0902874661914272
18.70000000000013,-0.9835597923473536,0.9311592364741849,-0.8194946419773785
18.75000000000013,-0.9357920559308806,0.9791529913902941,-0.5466535079429455
18.800000000000132,-0.8856853267261231,1.0246993737620422,-0.2724460248302987
18.850000000000133,-0.8333648454609595,1.0676845413535543,0.0024424314572770293
18.900000000000134,-0.7789613860905211,1.1080010536320455,0.2773247829382033
18.950000000000134,-0.7226109289304115,1.145548140313201,0.5515139668897391
19.000000000000135,-0.6644543207767338,1.180231953234407,0.824324653146972
19.050000000000136,-0.6046369228624531,1.211965800926283,1.0950749570713179
19.100000000000136,-0.5433082475300159,1.2406703652962083,1.3630881439069984
19.150000000000137,-0.4806215845283595,1.266273899882246,1.6276943202654939
19.200000000000138,-0.4167336178683705,1.288712409181934,1.8882321085101403
19.25000000000014,-0.3518040341944577,1.3079298086077134,2.1440502998557838
19.30000000000014,-0.285995123651104,1.3238780646691892,2.3945094820515984
19.35000000000014,-0.21947137424202418,1.3365173150318423,2.6389836375787157
19.40000000000014,-0.1523990606958192,1.3458159681521054,2.8768617083679966
19.45000000000014,-0.08494582886574893,1.3517507822397699,3.1075491231269714
19.500000000000142,-0.01728027670240702,1.3543069233503577,3.3304692834584273
19.550000000000143,0.05042846715335152,1.3534780024622577,3.5450650050561108
19.600000000000144,0.11801116610393214,1.3492660914459518,3.750799910375317
19.650000000000144,0.18529889859835819,1.3416817178854181,3.947159769297418
19.700000000000145,0.2521234803481758,1.330743838764654,4.133653784437344
19.750000000000146,0.3183178847005865,1.3164797930850882,4.309815817881453
19.800000000000146,0.3837166601180936,1.2989252335323158,4.475205556289545
19.850000000000147,0.44815634372118063,1.2781240373629512,4.629409611448914
19.900000000000148,0.5114758698603804,1.2541281967343376,4.7720425535295785
19.95000000000015,0.5735169726965174,1.2269976887512306,4.9027478744581385
20.0,0.6341245817827048,1.1968003255543658,5.021198879001952
